,Unnamed: 0,Estimated,Number,From,Airline,Status,date
0,0,11:15 AM AR1872,,Buenos Aires (AEP),Aerolineas Argentinas 738,Canceled,2020-10-14
1,1,11:40 AM AR2690,,Mendoza (MDZ),Aerolineas Argentinas E90,Canceled,2020-10-14
2,2,12:15 PM AR1694,,Buenos Aires (AEP),Aerolineas Argentinas 738,Canceled,2020-10-14
3,3,12:35 PM AR1666,,Buenos Aires (AEP),Aerolineas Argentinas 738,Canceled,2020-10-14
4,4,1:30 PM AR1873,,El Calafate (FTE),Aerolineas Argentinas 738,Canceled,2020-10-14
5,5,1:55 PM AR1682,,Buenos Aires (EZE),Aerolineas Argentinas 738,Unknown,2020-10-14
6,6,2:50 PM AR1698,,Buenos Aires (EZE),Aerolineas Argentinas 738,Canceled,2020-10-14
7,7,6:00 PM AR1692,,Buenos Aires (AEP),Aerolineas Argentinas 738,Canceled,2020-10-14
8,8,6:25 PM AR1680,,Buenos Aires (EZE),Aerolineas Argentinas 738,Unknown,2020-10-14
0,0,9:24 AM WJ3182,,El Palomar (EPA),JetSMART Argentina 320,Unknown,2020-10-15
1,1,11:15 AM AR1872,,Buenos Aires (AEP),Aerolineas Argentinas 738,Canceled,2020-10-15
2,2,12:15 PM AR1694,,Buenos Aires (AEP),Aerolineas Argentinas 738,Canceled,2020-10-15
3,3,12:35 PM AR1666,,Buenos Aires (AEP),Aerolineas Argentinas 738,Canceled,2020-10-15
4,4,1:30 PM AR1873,,El Calafate (FTE),Aerolineas Argentinas 738,Canceled,2020-10-15
5,5,1:50 PM AR2802,,Cordoba (COR),Aerolineas Argentinas E90,Canceled,2020-10-15
6,6,2:50 PM AR1698,,Buenos Aires (EZE),Aerolineas Argentinas 738,Canceled,2020-10-15
7,7,4:10 PM AR2806,,Rosario (ROS),Aerolineas Argentinas E90,Canceled,2020-10-15
8,8,6:25 PM AR1680,,Buenos Aires (EZE),Aerolineas Argentinas 738,Unknown,2020-10-15
9,9,8:35 PM AR1692,,Buenos Aires (AEP),Aerolineas Argentinas 738,Canceled,2020-10-15
0,0,11:15 AM AR1872,,Buenos Aires (AEP),Aerolineas Argentinas 738,Canceled,2020-10-16
1,1,12:15 PM AR1694,,Buenos Aires (AEP),Aerolineas Argentinas 738,Canceled,2020-10-16
2,2,1:10 PM AR1666,,Buenos Aires (AEP),Aerolineas Argentinas 738,Canceled,2020-10-16
3,3,1:30 PM AR1873,,El Calafate (FTE),Aerolineas Argentinas 738,Canceled,2020-10-16
4,4,1:50 PM AR2802,,Cordoba (COR),Aerolineas Argentinas E90,Canceled,2020-10-16
5,5,1:55 PM AR1682,,Buenos Aires (EZE),Aerolineas Argentinas 738,Unknown,2020-10-16
6,6,2:50 PM AR1698,,Buenos Aires (EZE),Aerolineas Argentinas 738,Canceled,2020-10-16
7,7,6:25 PM AR1680,,Buenos Aires (EZE),Aerolineas Argentinas 738,Unknown,2020-10-16
8,8,6:30 PM WJ3182,,El Palomar (EPA),JetSMART Argentina 320,Unknown,2020-10-16
9,9,8:35 PM AR1692,,Buenos Aires (AEP),Aerolineas Argentinas 738,Canceled,2020-10-16
0,0,10:10 AM AR1680,,Buenos Aires (AEP),Aerolineas Argentinas 738,Canceled,2020-10-17
1,1,10:45 AM AR1856,,Buenos Aires (AEP),Aerolineas Argentinas 738,Canceled,2020-10-17
2,2,11:15 AM AR1872,,Buenos Aires (AEP),Aerolineas Argentinas 738,Canceled,2020-10-17
3,3,11:40 AM AR2690,,Mendoza (MDZ),Aerolineas Argentinas E90,Canceled,2020-10-17
4,4,12:15 PM AR1694,,Buenos Aires (AEP),Aerolineas Argentinas 738,Canceled,2020-10-17
5,5,1:30 PM AR1873,,El Calafate (FTE),Aerolineas Argentinas 738,Canceled,2020-10-17
6,6,1:50 PM AR2802,,Cordoba (COR),Aerolineas Argentinas E90,Canceled,2020-10-17
7,7,1:55 PM AR1682,,Buenos Aires (EZE),Aerolineas Argentinas 738,Unknown,2020-10-17
8,8,2:50 PM AR1698,,Buenos Aires (EZE),Aerolineas Argentinas 738,Canceled,2020-10-17
9,9,3:20 PM AR1666,,Buenos Aires (AEP),Aerolineas Argentinas 738,Canceled,2020-10-17
10,10,4:10 PM AR2806,,Rosario (ROS),Aerolineas Argentinas E90,Unknown,2020-10-17
11,11,5:55 PM AR1696,,Buenos Aires (AEP),Aerolineas Argentinas 738,Canceled,2020-10-17
12,12,6:25 PM AR1680,,Buenos Aires (EZE),Aerolineas Argentinas 738,Unknown,2020-10-17
13,13,6:39 PM WJ3182,,El Palomar (EPA),JetSMART Argentina 320,Unknown,2020-10-17
14,14,8:35 PM AR1692,,Buenos Aires (AEP),Aerolineas Argentinas 738,Canceled,2020-10-17
0,0,10:10 AM AR1680,,Buenos Aires (AEP),Aerolineas Argentinas 738,Canceled,2020-10-18
1,1,10:45 AM AR1856,,Buenos Aires (AEP),Aerolineas Argentinas 738,Canceled,2020-10-18
2,2,11:15 AM AR1872,,Buenos Aires (AEP),Aerolineas Argentinas 738,Canceled,2020-10-18
3,3,11:15 AM AR2806,,Rosario (ROS),Aerolineas Argentinas E90,Canceled,2020-10-18
4,4,12:15 PM AR1694,,Buenos Aires (AEP),Aerolineas Argentinas 738,Canceled,2020-10-18
5,5,12:35 PM AR1666,,Buenos Aires (AEP),Aerolineas Argentinas 738,Canceled,2020-10-18
6,6,1:30 PM AR1873,,El Calafate (FTE),Aerolineas Argentinas 738,Canceled,2020-10-18
7,7,1:50 PM AR2802,,Cordoba (COR),Aerolineas Argentinas E90,Canceled,2020-10-18
8,8,1:55 PM AR1682,,Buenos Aires (EZE),Aerolineas Argentinas 738,Unknown,2020-10-18
9,9,2:50 PM AR1698,,Buenos Aires (EZE),Aerolineas Argentinas 738,Canceled,2020-10-18
10,10,6:00 PM AR1696,,Buenos Aires (AEP),Aerolineas Argentinas 738,Canceled,2020-10-18
11,11,6:25 PM AR1680,,Buenos Aires (EZE),Aerolineas Argentinas 738,Unknown,2020-10-18
12,12,6:37 PM WJ3182,,El Palomar (EPA),JetSMART Argentina 320,Unknown,2020-10-18
13,13,8:35 PM AR1692,,Buenos Aires (AEP),Aerolineas Argentinas 738,Canceled,2020-10-18
0,0,9:28 AM WJ3182,,El Palomar (EPA),JetSMART Argentina 320,Unknown,2020-10-19
1,1,11:15 AM AR1872,,Buenos Aires (AEP),Aerolineas Argentinas 738,Canceled,2020-10-19
2,2,12:15 PM AR1694,,Buenos Aires (AEP),Aerolineas Argentinas 738,Canceled,2020-10-19
3,3,12:35 PM AR1666,,Buenos Aires (AEP),Aerolineas Argentinas 738,Canceled,2020-10-19
4,4,1:30 PM AR1873,,El Calafate (FTE),Aerolineas Argentinas 738,Canceled,2020-10-19
5,5,1:50 PM AR2802,,Cordoba (COR),Aerolineas Argentinas E90,Canceled,2020-10-19
6,6,1:55 PM AR1682,,Buenos Aires (EZE),Aerolineas Argentinas 738,Unknown,2020-10-19
7,7,2:50 PM AR1698,,Buenos Aires (EZE),Aerolineas Argentinas 738,Canceled,2020-10-19
8,8,6:25 PM AR1680,,Buenos Aires (EZE),Aerolineas Argentinas 738,Unknown,2020-10-19
9,9,8:35 PM AR1692,,Buenos Aires (AEP),Aerolineas Argentinas 738,Canceled,2020-10-19
0,0,11:15 AM AR1872,,Buenos Aires (AEP),Aerolineas Argentinas 738,Canceled,2020-10-20
1,1,12:15 PM AR1694,,Buenos Aires (AEP),Aerolineas Argentinas 738,Canceled,2020-10-20
2,2,12:35 PM AR1666,,Buenos Aires (AEP),Aerolineas Argentinas 738,Canceled,2020-10-20
3,3,1:30 PM AR1873,,El Calafate (FTE),Aerolineas Argentinas 738,Canceled,2020-10-20
4,4,2:50 PM AR1698,,Buenos Aires (EZE),Aerolineas Argentinas 738,Canceled,2020-10-20
5,5,4:10 PM AR2806,,Rosario (ROS),Aerolineas Argentinas E90,Canceled,2020-10-20
6,6,6:30 PM AR1680,,Buenos Aires (EZE),Aerolineas Argentinas 738,Unknown,2020-10-20
7,7,8:35 PM AR1692,,Buenos Aires (AEP),Aerolineas Argentinas 738,Canceled,2020-10-20
0,0,11:15 AM AR1872,,Buenos Aires (AEP),Aerolineas Argentinas 738,Canceled,2020-10-21
1,1,11:40 AM AR2690,,Mendoza (MDZ),Aerolineas Argentinas E90,Canceled,2020-10-21
2,2,12:15 PM AR1694,,Buenos Aires (AEP),Aerolineas Argentinas 738,Canceled,2020-10-21
3,3,12:35 PM AR1666,,Buenos Aires (AEP),Aerolineas Argentinas 738,Canceled,2020-10-21
4,4,1:30 PM AR1873,,El Calafate (FTE),Aerolineas Argentinas 738,Canceled,2020-10-21
5,5,1:55 PM AR1682,,Buenos Aires (EZE),Aerolineas Argentinas 738,Unknown,2020-10-21
6,6,2:50 PM AR1698,,Buenos Aires (EZE),Aerolineas Argentinas 738,Canceled,2020-10-21
7,7,6:00 PM AR1692,,Buenos Aires (AEP),Aerolineas Argentinas 738,Canceled,2020-10-21
8,8,6:25 PM AR1680,,Buenos Aires (EZE),Aerolineas Argentinas 738,Unknown,2020-10-21
0,0,9:24 AM WJ3182,,El Palomar (EPA),JetSMART Argentina 320,Unknown,2020-10-22
1,1,11:15 AM AR1872,,Buenos Aires (AEP),Aerolineas Argentinas 738,Canceled,2020-10-22
2,2,12:15 PM AR1694,,Buenos Aires (AEP),Aerolineas Argentinas 738,Canceled,2020-10-22
3,3,12:35 PM AR1666,,Buenos Aires (AEP),Aerolineas Argentinas 738,Canceled,2020-10-22
4,4,1:30 PM AR1873,,El Calafate (FTE),Aerolineas Argentinas 738,Canceled,2020-10-22
5,5,1:50 PM AR2802,,Cordoba (COR),Aerolineas Argentinas E90,Canceled,2020-10-22
6,6,2:50 PM AR1698,,Buenos Aires (EZE),Aerolineas Argentinas 738,Canceled,2020-10-22
7,7,4:10 PM AR2806,,Rosario (ROS),Aerolineas Argentinas E90,Canceled,2020-10-22
8,8,6:25 PM AR1680,,Buenos Aires (EZE),Aerolineas Argentinas 738,Unknown,2020-10-22
9,9,8:35 PM AR1692,,Buenos Aires (AEP),Aerolineas Argentinas 738,Canceled,2020-10-22
0,0,11:15 AM AR1872,,Buenos Aires (AEP),Aerolineas Argentinas 738,Canceled,2020-10-23
1,1,12:15 PM AR1694,,Buenos Aires (AEP),Aerolineas Argentinas 738,Canceled,2020-10-23
2,2,1:10 PM AR1666,,Buenos Aires (AEP),Aerolineas Argentinas 738,Canceled,2020-10-23
3,3,1:30 PM AR1873,,El Calafate (FTE),Aerolineas Argentinas 738,Canceled,2020-10-23
4,4,1:50 PM AR2802,,Cordoba (COR),Aerolineas Argentinas E90,Canceled,2020-10-23
5,5,1:55 PM AR1682,,Buenos Aires (EZE),Aerolineas Argentinas 738,Unknown,2020-10-23
6,6,2:50 PM AR1698,,Buenos Aires (EZE),Aerolineas Argentinas 738,Canceled,2020-10-23
7,7,6:25 PM AR1680,,Buenos Aires (EZE),Aerolineas Argentinas 738,Unknown,2020-10-23
8,8,6:30 PM WJ3182,,El Palomar (EPA),JetSMART Argentina 320,Unknown,2020-10-23
9,9,8:35 PM AR1692,,Buenos Aires (AEP),Aerolineas Argentinas 738,Canceled,2020-10-23
0,0,10:10 AM AR1680,,Buenos Aires (AEP),Aerolineas Argentinas 738,Unknown,2020-10-24
1,1,10:45 AM AR1856,,Buenos Aires (AEP),Aerolineas Argentinas 738,Canceled,2020-10-24
2,2,11:15 AM AR1872,,Buenos Aires (AEP),Aerolineas Argentinas 738,Canceled,2020-10-24
3,3,11:40 AM AR2690,,Mendoza (MDZ),Aerolineas Argentinas E90,Canceled,2020-10-24
4,4,12:15 PM AR1694,,Buenos Aires (AEP),Aerolineas Argentinas 738,Canceled,2020-10-24
5,5,1:30 PM AR1873,,El Calafate (FTE),Aerolineas Argentinas 738,Canceled,2020-10-24
6,6,1:50 PM AR2802,,Cordoba (COR),Aerolineas Argentinas E90,Canceled,2020-10-24
7,7,1:55 PM AR1682,,Buenos Aires (EZE),Aerolineas Argentinas 738,Unknown,2020-10-24
8,8,2:50 PM AR1698,,Buenos Aires (EZE),Aerolineas Argentinas 738,Canceled,2020-10-24
9,9,3:20 PM AR1666,,Buenos Aires (AEP),Aerolineas Argentinas 738,Canceled,2020-10-24
10,10,4:10 PM AR2806,,Rosario (ROS),Aerolineas Argentinas E90,Canceled,2020-10-24
11,11,5:55 PM AR1696,,Buenos Aires (AEP),Aerolineas Argentinas 738,Canceled,2020-10-24
12,12,6:25 PM AR1680,,Buenos Aires (EZE),Aerolineas Argentinas 738,Unknown,2020-10-24
13,13,6:39 PM WJ3182,,El Palomar (EPA),JetSMART Argentina 320,Unknown,2020-10-24
14,14,8:35 PM AR1692,,Buenos Aires (AEP),Aerolineas Argentinas 738,Canceled,2020-10-24
0,0,10:10 AM AR1680,,Buenos Aires (AEP),Aerolineas Argentinas 738,Canceled,2020-10-25
1,1,10:45 AM AR1856,,Buenos Aires (AEP),Aerolineas Argentinas 738,Canceled,2020-10-25
2,2,11:15 AM AR1872,,Buenos Aires (AEP),Aerolineas Argentinas 738,Canceled,2020-10-25
3,3,11:15 AM AR2806,,Rosario (ROS),Aerolineas Argentinas E90,Canceled,2020-10-25
4,4,12:15 PM AR1694,,Buenos Aires (AEP),Aerolineas Argentinas 738,Canceled,2020-10-25
5,5,12:35 PM AR1666,,Buenos Aires (AEP),Aerolineas Argentinas 738,Canceled,2020-10-25
6,6,1:30 PM AR1873,,El Calafate (FTE),Aerolineas Argentinas 738,Canceled,2020-10-25
7,7,1:50 PM AR2802,,Cordoba (COR),Aerolineas Argentinas E90,Canceled,2020-10-25
8,8,2:50 PM AR1698,,Buenos Aires (EZE),Aerolineas Argentinas 738,Canceled,2020-10-25
9,9,6:00 PM AR1696,,Buenos Aires (AEP),Aerolineas Argentinas 738,Canceled,2020-10-25
10,10,6:25 PM AR1680,,Buenos Aires (EZE),Aerolineas Argentinas 738,Unknown,2020-10-25
11,11,6:37 PM WJ3182,,El Palomar (EPA),JetSMART Argentina 320,Unknown,2020-10-25
12,12,8:35 PM AR1692,,Buenos Aires (AEP),Aerolineas Argentinas 738,Canceled,2020-10-25
0,0,9:28 AM WJ3182,,El Palomar (EPA),JetSMART Argentina 320,Unknown,2020-10-26
1,1,11:15 AM AR1872,,Buenos Aires (AEP),Aerolineas Argentinas 738,Canceled,2020-10-26
2,2,12:15 PM AR1694,,Buenos Aires (AEP),Aerolineas Argentinas 738,Canceled,2020-10-26
3,3,12:35 PM AR1666,,Buenos Aires (AEP),Aerolineas Argentinas 738,Canceled,2020-10-26
4,4,1:30 PM AR1873,,El Calafate (FTE),Aerolineas Argentinas 738,Canceled,2020-10-26
5,5,1:50 PM AR2802,,Cordoba (COR),Aerolineas Argentinas E90,Canceled,2020-10-26
6,6,2:50 PM AR1698,,Buenos Aires (EZE),Aerolineas Argentinas 738,Canceled,2020-10-26
7,7,8:35 PM AR1692,,Buenos Aires (AEP),Aerolineas Argentinas 738,Canceled,2020-10-26
0,0,11:15 AM AR1872,,Buenos Aires (AEP),Aerolineas Argentinas 738,Canceled,2020-10-27
1,1,12:15 PM AR1694,,Buenos Aires (AEP),Aerolineas Argentinas 738,Canceled,2020-10-27
2,2,12:35 PM AR1666,,Buenos Aires (AEP),Aerolineas Argentinas 738,Canceled,2020-10-27
3,3,1:30 PM AR1873,,El Calafate (FTE),Aerolineas Argentinas 738,Canceled,2020-10-27
4,4,2:50 PM AR1698,,Buenos Aires (EZE),Aerolineas Argentinas 738,Canceled,2020-10-27
5,5,4:10 PM AR2806,,Rosario (ROS),Aerolineas Argentinas E90,Canceled,2020-10-27
6,6,6:25 PM AR1680,,Buenos Aires (EZE),Aerolineas Argentinas 738,Unknown,2020-10-27
7,7,8:35 PM AR1692,,Buenos Aires (AEP),Aerolineas Argentinas 738,Canceled,2020-10-27
0,0,11:15 AM AR1872,,Buenos Aires (AEP),Aerolineas Argentinas 738,Canceled,2020-10-28
1,1,11:40 AM AR2690,,Mendoza (MDZ),Aerolineas Argentinas E90,Canceled,2020-10-28
2,2,12:15 PM AR1694,,Buenos Aires (AEP),Aerolineas Argentinas 738,Canceled,2020-10-28
3,3,12:35 PM AR1666,,Buenos Aires (AEP),Aerolineas Argentinas 738,Canceled,2020-10-28
4,4,1:30 PM AR1873,,El Calafate (FTE),Aerolineas Argentinas 738,Canceled,2020-10-28
5,5,2:50 PM AR1698,,Buenos Aires (EZE),Aerolineas Argentinas 738,Canceled,2020-10-28
6,6,6:00 PM AR1692,,Buenos Aires (AEP),Aerolineas Argentinas 738,Canceled,2020-10-28
0,0,9:24 AM WJ3182,,El Palomar (EPA),JetSMART Argentina 320,Unknown,2020-10-29
0,0,6:25 PM AR1680,,Buenos Aires (EZE),Aerolineas Argentinas B738 (LV-GKU),Landed 6:17 PM,2020-10-30
1,1,6:30 PM WJ3182,,El Palomar (EPA),JetSMART Argentina 320,Unknown,2020-10-30
0,0,6:25 PM AR1680,,Buenos Aires (EZE),Aerolineas Argentinas B738 (LV-GVA),Landed 6:29 PM,2020-10-31
1,1,6:39 PM WJ3182,,El Palomar (EPA),JetSMART Argentina 320,Unknown,2020-10-31
0,0,9:21 AM FO5238,,El Palomar (EPA),Flybondi 738,Unknown,2020-11-01
1,1,6:25 PM AR1680,,Buenos Aires (EZE),Aerolineas Argentinas B738 (LV-CTC),Landed 5:59 PM,2020-11-01
2,2,6:37 PM WJ3182,,El Palomar (EPA),JetSMART Argentina 320,Unknown,2020-11-01
3,3,7:10 PM FO5270,,El Palomar (EPA),Flybondi 738,Unknown,2020-11-01
0,0,9:21 AM FO5238,,El Palomar (EPA),Flybondi 738,Unknown,2020-11-02
1,1,9:30 AM WJ3182,,El Palomar (EPA),JetSMART Argentina 320,Unknown,2020-11-02
2,2,7:10 PM FO5270,,El Palomar (EPA),Flybondi 738,Unknown,2020-11-02
0,0,9:21 AM FO5238,,El Palomar (EPA),Flybondi 738,Unknown,2020-11-03
1,1,12:25 PM FO5444,,Cordoba (COR),Flybondi 738,Unknown,2020-11-03
2,2,5:27 PM WJ3182,,El Palomar (EPA),JetSMART Argentina 320,Unknown,2020-11-03
3,3,6:25 PM AR1680,,Buenos Aires (EZE),Aerolineas Argentinas 738,Canceled,2020-11-03
4,4,7:10 PM FO5270,,El Palomar (EPA),Flybondi 738,Unknown,2020-11-03
0,0,9:21 AM FO5238,,El Palomar (EPA),Flybondi 738,Unknown,2020-11-04
1,1,7:00 PM WJ3182,,El Palomar (EPA),JetSMART Argentina 320,Unknown,2020-11-04
2,2,7:10 PM FO5270,,El Palomar (EPA),Flybondi 738,Unknown,2020-11-04
0,0,9:21 AM FO5238,,El Palomar (EPA),Flybondi 738,Unknown,2020-11-05
1,1,9:25 AM WJ3182,,El Palomar (EPA),JetSMART Argentina 320,Unknown,2020-11-05
2,2,10:58 AM WJ3446,,Neuquen (NQN),JetSMART Argentina 320,Unknown,2020-11-05
3,3,12:25 PM FO5444,,Cordoba (COR),Flybondi 738,Unknown,2020-11-05
4,4,6:25 PM AR1680,,Buenos Aires (EZE),Aerolineas Argentinas B738 (LV-GVC),Landed 6:12 PM,2020-11-05
5,5,7:10 PM FO5270,,El Palomar (EPA),Flybondi 738,Unknown,2020-11-05
0,0,9:21 AM FO5238,,El Palomar (EPA),Flybondi 738,Unknown,2020-11-06
1,1,6:25 PM AR1680,,Buenos Aires (EZE),Aerolineas Argentinas B738 (LV-GVA),Landed 6:13 PM,2020-11-06
2,2,7:10 PM FO5270,,El Palomar (EPA),Flybondi 738,Unknown,2020-11-06
3,3,7:10 PM WJ3182,,El Palomar (EPA),JetSMART Argentina 320,Unknown,2020-11-06
0,0,9:30 AM FO5238,,El Palomar (EPA),Flybondi 738,Unknown,2020-11-07
1,1,12:25 PM FO5444,,Cordoba (COR),Flybondi 738,Unknown,2020-11-07
2,2,4:43 PM WJ3446,,Neuquen (NQN),JetSMART Argentina 320,Unknown,2020-11-07
3,3,6:25 PM AR1680,,Buenos Aires (EZE),Aerolineas Argentinas 738,Canceled,2020-11-07
4,4,6:39 PM WJ3182,,El Palomar (EPA),JetSMART Argentina 320,Unknown,2020-11-07
5,5,7:15 PM FO5270,,El Palomar (EPA),Flybondi 738,Unknown,2020-11-07
0,0,9:21 AM FO5238,,El Palomar (EPA),Flybondi 738,Unknown,2020-11-08
1,1,12:25 PM AR1680,,Buenos Aires (EZE),Aerolineas Argentinas B738 (LV-GKU),Landed 12:04 PM,2020-11-08
2,2,6:39 PM WJ3182,,El Palomar (EPA),JetSMART Argentina 320,Unknown,2020-11-08
3,3,7:10 PM FO5270,,El Palomar (EPA),Flybondi 738,Unknown,2020-11-08
0,0,9:21 AM FO5238,,El Palomar (EPA),Flybondi 738,Unknown,2020-11-09
1,1,9:30 AM WJ3182,,El Palomar (EPA),JetSMART Argentina 320,Unknown,2020-11-09
2,2,11:53 AM WJ3446,,Neuquen (NQN),JetSMART Argentina 320,Unknown,2020-11-09
3,3,6:25 PM AR1680,,Buenos Aires (EZE),Aerolineas Argentinas 738,Canceled,2020-11-09
4,4,7:10 PM FO5270,,El Palomar (EPA),Flybondi 738,Unknown,2020-11-09
0,0,9:21 AM FO5238,,El Palomar (EPA),Flybondi 738,Unknown,2020-11-10
1,1,12:25 PM FO5444,,Cordoba (COR),Flybondi 738,Unknown,2020-11-10
2,2,1:50 PM AR1680,,Neuquen (NQN),Aerolineas Argentinas B738 (LV-GKU),Landed 1:35 PM,2020-11-10
3,3,5:27 PM WJ3182,,El Palomar (EPA),JetSMART Argentina 320,Unknown,2020-11-10
4,4,6:25 PM AR1680,,Buenos Aires (EZE),Aerolineas Argentinas B738 (LV-GKU),Landed 11:47 AM,2020-11-10
5,5,7:10 PM FO5270,,El Palomar (EPA),Flybondi 738,Unknown,2020-11-10
0,0,9:21 AM FO5238,,El Palomar (EPA),Flybondi 738,Unknown,2020-11-11
1,1,1:50 PM AR1680,,Neuquen (NQN),Aerolineas Argentinas B738 (LV-GVC),Landed 1:28 PM,2020-11-11
2,2,6:25 PM AR1680,,Buenos Aires (EZE),Aerolineas Argentinas B738 (LV-GVC),Diverted to NQN,2020-11-11
3,3,7:00 PM WJ3182,,El Palomar (EPA),JetSMART Argentina 320,Unknown,2020-11-11
4,4,7:10 PM FO5270,,El Palomar (EPA),Flybondi 738,Unknown,2020-11-11
0,0,9:21 AM FO5238,,El Palomar (EPA),Flybondi 738,Unknown,2020-11-12
1,1,9:25 AM WJ3182,,El Palomar (EPA),JetSMART Argentina 320,Unknown,2020-11-12
2,2,10:58 AM WJ3446,,Neuquen (NQN),JetSMART Argentina 320,Unknown,2020-11-12
3,3,12:25 PM FO5444,,Cordoba (COR),Flybondi 738,Unknown,2020-11-12
4,4,6:25 PM AR1680,,Buenos Aires (EZE),Aerolineas Argentinas 738,Unknown,2020-11-12
5,5,7:10 PM FO5270,,El Palomar (EPA),Flybondi 738,Unknown,2020-11-12
0,0,9:21 AM FO5238,,El Palomar (EPA),Flybondi 738,Unknown,2020-11-13
1,1,6:25 PM AR1680,,Buenos Aires (EZE),Aerolineas Argentinas B738 (LV-FVO),Landed 6:11 PM,2020-11-13
2,2,7:10 PM FO5270,,El Palomar (EPA),Flybondi 738,Unknown,2020-11-13
3,3,7:10 PM WJ3182,,El Palomar (EPA),JetSMART Argentina 320,Unknown,2020-11-13
0,0,9:30 AM FO5238,,El Palomar (EPA),Flybondi 738,Unknown,2020-11-14
1,1,12:25 PM FO5444,,Cordoba (COR),Flybondi 738,Unknown,2020-11-14
2,2,6:25 PM AR1680,,Buenos Aires (EZE),Aerolineas Argentinas 738,Unknown,2020-11-14
3,3,6:39 PM WJ3182,,El Palomar (EPA),JetSMART Argentina 320,Unknown,2020-11-14
4,4,7:15 PM FO5270,,El Palomar (EPA),Flybondi 738,Unknown,2020-11-14
0,0,9:21 AM FO5238,,El Palomar (EPA),Flybondi 738,Unknown,2020-11-15
1,1,6:25 PM AR1680,,Buenos Aires (EZE),Aerolineas Argentinas B738 (LV-FUB),Landed 6:09 PM,2020-11-15
2,2,6:39 PM WJ3182,,El Palomar (EPA),JetSMART Argentina 320,Unknown,2020-11-15
3,3,7:10 PM FO5270,,El Palomar (EPA),Flybondi 738,Unknown,2020-11-15
0,0,9:21 AM FO5238,,El Palomar (EPA),Flybondi 738,Unknown,2020-11-16
1,1,9:30 AM WJ3182,,El Palomar (EPA),JetSMART Argentina 320,Unknown,2020-11-16
2,2,7:10 PM FO5270,,El Palomar (EPA),Flybondi 738,Unknown,2020-11-16
0,0,9:21 AM FO5238,,El Palomar (EPA),Flybondi 738,Unknown,2020-11-17
1,1,12:25 PM FO5444,,Cordoba (COR),Flybondi 738,Unknown,2020-11-17
2,2,12:25 PM AR1686,,Buenos Aires (EZE),Aerolineas Argentinas B738 (LV-FUB),Landed 12:00 PM,2020-11-17
3,3,1:50 PM AR1680,,Neuquen (NQN),Aerolineas Argentinas 738,Canceled,2020-11-17
4,4,5:27 PM WJ3182,,El Palomar (EPA),JetSMART Argentina 320,Unknown,2020-11-17
5,5,7:10 PM FO5270,,El Palomar (EPA),Flybondi 738,Unknown,2020-11-17
0,0,9:21 AM FO5238,,El Palomar (EPA),Flybondi 738,Unknown,2020-11-18
1,1,1:50 PM AR1680,,Neuquen (NQN),Aerolineas Argentinas B738 (LV-FXQ),Landed 1:25 PM,2020-11-18
2,2,7:10 PM FO5270,,El Palomar (EPA),Flybondi 738,Unknown,2020-11-18
0,0,9:21 AM FO5238,,El Palomar (EPA),Flybondi 738,Unknown,2020-11-19
1,1,10:58 AM WJ3446,,Neuquen (NQN),JetSMART (Huemul Livery) A320 (LV-HEK),Landed 10:23 AM,2020-11-19
2,2,12:25 PM FO5444,,Cordoba (COR),Flybondi 738,Unknown,2020-11-19
3,3,7:10 PM FO5270,,El Palomar (EPA),Flybondi 738,Unknown,2020-11-19
0,0,9:21 AM FO5238,,El Palomar (EPA),Flybondi 738,Unknown,2020-11-20
1,1,6:25 PM AR1680,,Buenos Aires (EZE),Aerolineas Argentinas B738 (LV-GVA),Landed 6:05 PM,2020-11-20
2,2,7:10 PM FO5270,,El Palomar (EPA),Flybondi 738,Unknown,2020-11-20
0,0,9:30 AM FO5238,,El Palomar (EPA),Flybondi 738,Unknown,2020-11-21
1,1,12:25 PM FO5444,,Cordoba (COR),Flybondi 738,Unknown,2020-11-21
2,2,4:43 PM WJ3446,,Neuquen (NQN),JetSMART Argentina 320,Unknown,2020-11-21
3,3,7:15 PM FO5270,,El Palomar (EPA),Flybondi 738,Unknown,2020-11-21
0,0,9:21 AM FO5238,,El Palomar (EPA),Flybondi 738,Unknown,2020-11-22
1,1,6:25 PM AR1680,,Buenos Aires (EZE),Aerolineas Argentinas B738 (LV-CTC),Landed 6:14 PM,2020-11-22
2,2,7:10 PM FO5270,,El Palomar (EPA),Flybondi 738,Unknown,2020-11-22
0,0,9:21 AM FO5238,,El Palomar (EPA),Flybondi 738,Unknown,2020-11-24
1,1,12:25 PM FO5444,,Cordoba (COR),Flybondi 738,Unknown,2020-11-24
2,2,1:50 PM AR1680,,Neuquen (NQN),Aerolineas Argentinas B738 (LV-FXQ),Landed 1:30 PM,2020-11-24
3,3,7:10 PM FO5270,,El Palomar (EPA),Flybondi 738,Unknown,2020-11-24
0,0,9:21 AM FO5238,,El Palomar (EPA),Flybondi 738,Unknown,2020-11-25
1,1,1:50 PM AR1680,,Neuquen (NQN),Aerolineas Argentinas B738 (LV-GVA),Landed 1:43 PM,2020-11-25
2,2,7:10 PM FO5270,,El Palomar (EPA),Flybondi 738,Unknown,2020-11-25
0,0,9:21 AM FO5238,,El Palomar (EPA),Flybondi 738,Unknown,2020-11-26
1,1,10:58 AM WJ3446,,Neuquen (NQN),JetSMART Argentina 320,Unknown,2020-11-26
2,2,12:25 PM FO5444,,Cordoba (COR),Flybondi 738,Unknown,2020-11-26
3,3,7:10 PM FO5270,,El Palomar (EPA),Flybondi 738,Unknown,2020-11-26
0,0,9:21 AM FO5238,,El Palomar (EPA),Flybondi 738,Unknown,2020-11-27
1,1,6:25 PM AR1680,,Buenos Aires (EZE),Aerolineas Argentinas B738 (LV-CXS),Landed 6:25 PM,2020-11-27
2,2,7:10 PM FO5270,,El Palomar (EPA),Flybondi 738,Unknown,2020-11-27
0,0,9:30 AM FO5238,,El Palomar (EPA),Flybondi 738,Unknown,2020-11-28
1,1,12:25 PM FO5444,,Cordoba (COR),Flybondi 738,Unknown,2020-11-28
2,2,4:43 PM WJ3446,,Neuquen (NQN),JetSMART (Zorro Culpeo Livery) A320 (LV-IVN),Landed 5:58 PM,2020-11-28
3,3,7:15 PM FO5270,,El Palomar (EPA),Flybondi 738,Unknown,2020-11-28
0,0,9:21 AM FO5238,,El Palomar (EPA),Flybondi 738,Unknown,2020-11-29
1,1,6:25 PM AR1680,,Buenos Aires (EZE),Aerolineas Argentinas B738 (LV-GKT),Landed 6:06 PM,2020-11-29
2,2,7:10 PM FO5270,,El Palomar (EPA),Flybondi 738,Unknown,2020-11-29
0,0,9:21 AM FO5238,,El Palomar (EPA),Flybondi 738,Unknown,2020-11-30
1,1,11:53 AM WJ3446,,Neuquen (NQN),JetSMART (Huemul Livery) A320 (LV-HEK),Landed 12:11 PM,2020-11-30
2,2,7:10 PM FO5270,,El Palomar (EPA),Flybondi 738,Unknown,2020-11-30
0,0,9:21 AM FO5238,,El Palomar (EPA),Flybondi 738,Unknown,2020-12-01
1,1,5:27 PM DN6000,,Buenos Aires (AEP),Norwegian Air Argentina 737,Unknown,2020-12-01
2,2,5:27 PM WJ3182,,Buenos Aires (AEP),JetSMART Argentina 320,Unknown,2020-12-01
3,3,6:25 PM AR1680,,Buenos Aires (EZE),Aerolineas Argentinas B738 (LV-FXQ),Landed 6:04 PM,2020-12-01
4,4,7:10 PM FO5270,,El Palomar (EPA),Flybondi 738,Unknown,2020-12-01
0,0,9:21 AM FO5238,,El Palomar (EPA),Flybondi 738,Unknown,2020-12-02
1,1,4:52 PM WJ3740,,Mendoza (MDZ),JetSMART Argentina 320,Unknown,2020-12-02
2,2,6:25 PM AR1680,,Buenos Aires (EZE),Aerolineas Argentinas B738 (LV-GKT),Landed 6:11 PM,2020-12-02
3,3,7:00 PM DN6006,,Buenos Aires (AEP),Norwegian Air Argentina 737,Unknown,2020-12-02
4,4,7:00 PM WJ3182,,Buenos Aires (AEP),JetSMART Argentina 320,Unknown,2020-12-02
0,0,8:25 AM AR1904,,Buenos Aires (EZE),Aerolineas Argentinas B738 (LV-CXT),Landed 8:23 AM,2020-12-04
1,1,9:21 AM FO5238,,El Palomar (EPA),Flybondi 738,Unknown,2020-12-04
2,2,3:25 PM AR1682,,Buenos Aires (EZE),Aerolineas Argentinas B738 (LV-CXT),Landed 3:15 PM,2020-12-04
3,3,4:54 PM WJ3444,,Neuquen (NQN),JetSMART (Huemul Livery) A320 (LV-HEK),Landed 4:28 PM,2020-12-04
4,4,6:25 PM AR1680,,Buenos Aires (EZE),Aerolineas Argentinas B738 (LV-GVA),Landed 6:09 PM,2020-12-04
5,5,7:05 PM DN6006,,Buenos Aires (AEP),Norwegian Air Argentina 737,Unknown,2020-12-04
6,6,7:05 PM WJ3182,,Buenos Aires (AEP),JetSMART Argentina 320,Unknown,2020-12-04
7,7,7:10 PM FO5270,,El Palomar (EPA),Flybondi 738,Unknown,2020-12-04
0,0,9:30 AM FO5238,,El Palomar (EPA),Flybondi 738,Unknown,2020-12-05
1,1,1:25 PM AR1904,,Buenos Aires (EZE),Aerolineas Argentinas B738 (LV-GVA),Landed 1:07 PM,2020-12-05
2,2,3:25 PM AR1682,,Buenos Aires (EZE),Aerolineas Argentinas B738 (LV-FXQ),Landed 3:12 PM,2020-12-05
3,3,6:25 PM AR1680,,Buenos Aires (EZE),Aerolineas Argentinas A332 (LV-GKP),Landed 6:16 PM,2020-12-05
4,4,6:39 PM DN6000,,Buenos Aires (AEP),Norwegian Air Argentina 737,Unknown,2020-12-05
5,5,6:39 PM WJ3182,,Buenos Aires (AEP),JetSMART Argentina 320,Unknown,2020-12-05
6,6,7:15 PM FO5270,,El Palomar (EPA),Flybondi 738,Unknown,2020-12-05
0,0,9:21 AM FO5238,,El Palomar (EPA),Flybondi 738,Unknown,2020-12-06
1,1,4:52 PM WJ3740,,Mendoza (MDZ),JetSMART Argentina 320,Unknown,2020-12-06
2,2,6:39 PM DN6002,,Buenos Aires (AEP),Norwegian Air Argentina 737,Unknown,2020-12-06
3,3,6:39 PM WJ3182,,Buenos Aires (AEP),JetSMART Argentina 320,Unknown,2020-12-06
4,4,7:10 PM FO5270,,El Palomar (EPA),Flybondi 738,Unknown,2020-12-06
0,0,9:21 AM FO5238,,El Palomar (EPA),Flybondi 738,Unknown,2020-12-08
1,1,1:25 PM AR1904,,Buenos Aires (EZE),Aerolineas Argentinas A332 (LV-FNI),Landed 1:51 PM,2020-12-08
2,2,3:25 PM AR1682,,Buenos Aires (EZE),Aerolineas Argentinas B738 (LV-CXS),Landed 3:27 PM,2020-12-08
3,3,5:27 PM DN6000,,Buenos Aires (AEP),Norwegian Air Argentina 737,Unknown,2020-12-08
4,4,5:27 PM WJ3182,,Buenos Aires (AEP),JetSMART Argentina 320,Unknown,2020-12-08
5,5,5:34 PM WJ3444,,Neuquen (NQN),Aerolineas Argentinas B738 (LV-FVM),Unknown,2020-12-08
6,6,6:25 PM AR1680,,Buenos Aires (EZE),Aerolineas Argentinas B738 (LV-FVM),Landed 6:09 PM,2020-12-08
7,7,7:10 PM FO5270,,El Palomar (EPA),Flybondi 738,Unknown,2020-12-08
0,0,9:21 AM FO5238,,El Palomar (EPA),Flybondi 738,Unknown,2020-12-09
1,1,1:25 PM AR1904,,Buenos Aires (EZE),Aerolineas Argentinas B738 (LV-FVM),Landed 1:15 PM,2020-12-09
2,2,3:25 PM AR1682,,Buenos Aires (EZE),Aerolineas Argentinas B738 (LV-GVA),Landed 3:17 PM,2020-12-09
3,3,6:25 PM AR1680,,Buenos Aires (EZE),Aerolineas Argentinas B738 (LV-FXQ),Landed 6:22 PM,2020-12-09
4,4,7:00 PM DN6006,,Buenos Aires (AEP),Norwegian Air Argentina 737,Unknown,2020-12-09
0,0,9:21 AM FO5238,,El Palomar (EPA),Flybondi 738,Unknown,2020-12-10
1,1,9:24 AM DN6000,,Buenos Aires (AEP),Norwegian Air Argentina 737,Unknown,2020-12-10
2,2,3:25 PM AR1682,,Buenos Aires (EZE),Aerolineas Argentinas B738 (LV-FVO),Landed 3:22 PM,2020-12-10
3,3,6:25 PM AR1680,,Buenos Aires (EZE),Aerolineas Argentinas B738 (LV-CXS),Landed 6:12 PM,2020-12-10
4,4,7:10 PM FO5270,,El Palomar (EPA),Flybondi 738,Unknown,2020-12-10
0,0,9:30 AM FO5238,,El Palomar (EPA),Flybondi 738,Unknown,2020-12-12
1,1,1:25 PM AR1688,,Buenos Aires (EZE),Aerolineas Argentinas B738 (LV-CXT),Landed 1:03 PM,2020-12-12
2,2,3:25 PM AR1682,,Buenos Aires (EZE),Aerolineas Argentinas B738 (LV-FRQ),Landed 3:44 PM,2020-12-12
3,3,6:25 PM AR1680,,Buenos Aires (EZE),Aerolineas Argentinas B738 (LV-GVA),Landed 6:13 PM,2020-12-12
4,4,6:39 PM DN6000,,Buenos Aires (AEP),Norwegian Air Argentina 737,Unknown,2020-12-12
5,5,7:15 PM FO5270,,El Palomar (EPA),Flybondi 738,Unknown,2020-12-12
0,0,9:25 AM AR1686,,Buenos Aires (EZE),Aerolineas Argentinas B738 (LV-CXT),Landed 9:12 AM,2020-12-13
1,1,11:25 AM AR1682,,Buenos Aires (EZE),Aerolineas Argentinas B738 (LV-FRQ),Landed 11:24 AM,2020-12-13
2,2,4:49 PM WJ3444,,Neuquen (NQN),JetSMART (Zorro Culpeo Livery) A320 (LV-IVN),Landed 4:26 PM,2020-12-13
3,3,6:25 PM AR1680,,Buenos Aires (EZE),Aerolineas Argentinas B738 (LV-FRQ),Landed 6:42 PM,2020-12-13
4,4,6:39 PM DN6002,,Buenos Aires (AEP),Norwegian Air Argentina 737,Unknown,2020-12-13
0,0,1:55 PM AR1684,,Buenos Aires (EZE),Aerolineas Argentinas (Retro Livery) B737 (LV-GOO),Landed 2:23 PM,2020-12-14
1,1,3:25 PM AR1682,,Buenos Aires (EZE),Aerolineas Argentinas B738 (LV-GVA),Landed 3:39 PM,2020-12-14
2,2,6:15 PM WJ3182,,Buenos Aires (EZE),JetSMART (Zorro Culpeo Livery) A320 (LV-IVN),Landed 6:36 PM,2020-12-14
3,3,6:25 PM AR1680,,Buenos Aires (EZE),Aerolineas Argentinas B738 (LV-CXT),Landed 6:44 PM,2020-12-14
4,4,8:10 PM DN6000,,Buenos Aires (AEP),Norwegian Air Argentina 737,Unknown,2020-12-14
0,0,1:55 PM AR1684,,Buenos Aires (EZE),Aerolineas Argentinas B738 (LV-GVA),Landed 2:03 PM,2020-12-16
1,1,3:25 PM AR1682,,Buenos Aires (EZE),Aerolineas Argentinas B738 (LV-FVO),Landed 3:20 PM,2020-12-16
2,2,6:25 PM AR1680,,Buenos Aires (EZE),Aerolineas Argentinas B738 (LV-FXQ),Landed 6:28 PM,2020-12-16
3,3,7:00 PM DN6006,,Buenos Aires (AEP),Norwegian Air Argentina 737,Unknown,2020-12-16
0,0,9:24 AM DN6000,,Buenos Aires (AEP),Norwegian Air Argentina 737,Unknown,2020-12-17
1,1,1:55 PM AR1684,,Buenos Aires (EZE),Aerolineas Argentinas E190 (LV-CEV),Unknown,2020-12-17
2,2,3:25 PM AR1682,,Buenos Aires (EZE),Aerolineas Argentinas B738 (LV-GKT),Landed 3:28 PM,2020-12-17
3,3,3:53 PM WJ3720,,Cordoba (COR),JetSMART (Huemul Livery) A320 (LV-HEK),Landed 4:03 PM,2020-12-17
4,4,6:25 PM AR1680,,Buenos Aires (EZE),Aerolineas Argentinas B738 (LV-FUB),Landed 6:12 PM,2020-12-17
0,0,9:37 AM WJ9000,,Buenos Aires (EZE),JetSMART (Zorro Culpeo Livery) A320 (LV-IVN),Landed 9:14 AM,2020-12-19
1,1,1:55 PM AR1684,,Buenos Aires (EZE),Aerolineas Argentinas B737 (LV-CAP),Landed 1:34 PM,2020-12-19
2,2,3:25 PM AR1682,,Buenos Aires (EZE),Aerolineas Argentinas B738 (LV-CXS),Landed 3:05 PM,2020-12-19
3,3,5:49 PM WJ3182,,Buenos Aires (EZE),JetSMART (Zorro Culpeo Livery) A320 (LV-IVN),Landed 5:30 PM,2020-12-19
4,4,6:25 PM AR1680,,Buenos Aires (EZE),Aerolineas Argentinas B738 (LV-FXQ),Landed 6:03 PM,2020-12-19
5,5,6:39 PM DN6000,,Buenos Aires (AEP),Norwegian Air Argentina 737,Unknown,2020-12-19
0,0,10:49 AM WJ3184,,Buenos Aires (EZE),JetSMART (Jaguar Livery) A320 (LV-HVT),Landed 10:36 AM,2020-12-20
1,1,11:25 AM AR1682,,Buenos Aires (EZE),Aerolineas Argentinas B738 (LV-CXT),Landed 11:06 AM,2020-12-20
2,2,1:55 PM AR1684,,Buenos Aires (EZE),Aerolineas Argentinas B737 (LV-CAP),Landed 1:28 PM,2020-12-20
3,3,3:20 PM AR1936,,Buenos Aires (EZE),Aerolineas Argentinas E190 (LV-CEV),Unknown,2020-12-20
4,4,5:09 PM WJ3182,,Buenos Aires (EZE),JetSMART (Jaguar Livery) A320 (LV-HVT),Landed 4:50 PM,2020-12-20
5,5,6:25 PM AR1680,,Buenos Aires (EZE),Aerolineas Argentinas B738 (LV-CXT),Landed 7:27 PM,2020-12-20
6,6,6:39 PM DN6002,,Buenos Aires (AEP),Norwegian Air Argentina 737,Unknown,2020-12-20
0,0,1:18 PM WJ3720,,Cordoba (COR),JetSMART (Zorro Culpeo Livery) A320 (LV-IVN),Landed 1:04 PM,2020-12-21
1,1,1:55 PM AR1684,,Buenos Aires (EZE),Aerolineas Argentinas B738 (LV-GKU),Landed 1:42 PM,2020-12-21
2,2,3:25 PM AR1682,,Buenos Aires (EZE),Aerolineas Argentinas B738 (LV-FRQ),Landed 3:07 PM,2020-12-21
3,3,6:25 PM AR1680,,Buenos Aires (EZE),Aerolineas Argentinas B738 (LV-FXQ),Landed 6:38 PM,2020-12-21
4,4,7:10 PM WJ3182,,Buenos Aires (EZE),JetSMART (Cardenal Livery) A320 (LV-IVO),Landed 7:32 PM,2020-12-21
5,5,8:10 PM DN6000,,Buenos Aires (AEP),Norwegian Air Argentina 737,Unknown,2020-12-21
0,0,8:25 AM AR1936,,Buenos Aires (EZE),Aerolineas Argentinas E190 (LV-CMA),Unknown,2020-12-23
1,1,1:55 PM AR1684,,Buenos Aires (EZE),Aerolineas Argentinas B738 (LV-FUB),Landed 1:32 PM,2020-12-23
2,2,3:25 PM AR1682,,Buenos Aires (EZE),Aerolineas Argentinas B738 (LV-FVO),Landed 3:20 PM,2020-12-23
3,3,5:39 PM WJ3182,,Buenos Aires (EZE),JetSMART (Zorro Culpeo Livery) A320 (LV-IVN),Landed 5:37 PM,2020-12-23
4,4,6:25 PM AR1680,,Buenos Aires (EZE),Aerolineas Argentinas B738 (LV-CXS),Landed 6:15 PM,2020-12-23
5,5,7:00 PM DN6006,,Buenos Aires (AEP),Norwegian Air Argentina 737,Unknown,2020-12-23
0,0,1:55 PM AR1684,,Buenos Aires (EZE),Aerolineas Argentinas B738 (LV-GKU),Landed 2:17 PM,2020-12-25
1,1,3:25 PM AR1682,,Buenos Aires (EZE),Aerolineas Argentinas B738 (LV-FUB),Landed 3:16 PM,2020-12-25
2,2,6:25 PM AR1680,,Buenos Aires (EZE),Aerolineas Argentinas B738 (LV-CXS),Landed 6:07 PM,2020-12-25
3,3,7:05 PM DN6006,,Buenos Aires (AEP),Norwegian Air Argentina 737,Unknown,2020-12-25
0,0,8:25 AM AR1920,,Buenos Aires (EZE),Aerolineas Argentinas B738 (LV-FXQ),Landed 7:59 AM,2020-12-27
1,1,9:25 AM AR1686,,Buenos Aires (EZE),Aerolineas Argentinas (Skyteam Livery) B737 (LV-BZA),Landed 8:56 AM,2020-12-27
2,2,10:49 AM WJ3184,,Buenos Aires (EZE),JetSMART (Jaguar Livery) A320 (LV-HVT),Landed 10:28 AM,2020-12-27
3,3,11:25 AM AR1682,,Buenos Aires (EZE),Aerolineas Argentinas B738 (LV-FUB),Landed 11:11 AM,2020-12-27
4,4,12:55 PM,AR1694,Buenos Aires (EZE),Aerolineas Argentinas E190 (LV-CIE),Unknown,2020-12-27
5,5,1:55 PM AR1684,,Buenos Aires (EZE),Aerolineas Argentinas E190 (LV-CHR),Unknown,2020-12-27
6,6,3:19 PM WJ3186,,Buenos Aires (EZE),JetSMART (Cardenal Livery) A320 (LV-IVO),Landed 3:11 PM,2020-12-27
7,7,4:25 PM AR1692,,Buenos Aires (EZE),Aerolineas Argentinas E190 (LV-CET),Unknown,2020-12-27
8,8,6:25 PM AR1680,,Buenos Aires (EZE),Aerolineas Argentinas B738 (LV-FUB),Landed 6:10 PM,2020-12-27
9,9,6:39 PM DN6002,,Buenos Aires (AEP),Norwegian Air Argentina 737,Unknown,2020-12-27
10,10,8:00 PM WJ3182,,Buenos Aires (EZE),JetSMART (Jaguar Livery) A320 (LV-HVT),Landed 7:48 PM,2020-12-27
0,0,7:25 AM AR1920,,Buenos Aires (EZE),Aerolineas Argentinas B738 (LV-GVC),Unknown,2021-01-01
1,1,9:25 AM AR1684,,Buenos Aires (EZE),Aerolineas Argentinas B738 (LV-CXS),Landed 9:16 AM,2021-01-01
2,2,11:20 AM AR1682,,Buenos Aires (EZE),Aerolineas Argentinas E190 (LV-CHR),Unknown,2021-01-01
3,3,1:25 PM,AR1690,Buenos Aires (EZE),Aerolineas Argentinas B738 (LV-FVO),Landed 1:19 PM,2021-01-01
4,4,5:30 PM AR1688,,Buenos Aires (EZE),Aerolineas Argentinas B738 (LV-FXQ),Landed 5:09 PM,2021-01-01
5,5,6:25 PM AR1680,,Buenos Aires (EZE),Aerolineas Argentinas B738 (LV-FRQ),Landed 6:00 PM,2021-01-01
6,6,7:05 PM DN6006,,Buenos Aires (AEP),Norwegian Air Argentina 737,Unknown,2021-01-01
7,7,7:20 PM AR1513,,Cordoba (COR),Aerolineas Argentinas B738 (LV-CXS),Landed 7:04 PM,2021-01-01
8,8,8:40 PM AR1686,,Buenos Aires (EZE),Aerolineas Argentinas B738 (LV-FVO),Landed 8:16 PM,2021-01-01
0,0,7:25 AM AR1920,,Buenos Aires (EZE),Aerolineas Argentinas B738 (LV-FVM),Landed 7:14 AM,2021-01-02
1,1,9:25 AM AR1684,,Buenos Aires (EZE),Aerolineas Argentinas B738 (LV-FRQ),Landed 9:06 AM,2021-01-02
2,2,10:25 AM AR1922,,Buenos Aires (EZE),Aerolineas Argentinas B738 (LV-FUB),Landed 9:54 AM,2021-01-02
3,3,11:20 AM AR1682,,Buenos Aires (EZE),Aerolineas Argentinas B738 (LV-GVC),Landed 11:10 AM,2021-01-02
4,4,1:12 PM WJ3184,,Buenos Aires (EZE),JetSMART (Cardenal Livery) A320 (LV-IVO),Landed 12:50 PM,2021-01-02
5,5,2:50 PM AR1929,,Rosario (ROS),Aerolineas Argentinas E190 (LV-CIH),Unknown,2021-01-02
6,6,4:04 PM WJ3186,,Buenos Aires (EZE),JetSMART (Huemul Livery) A320 (LV-HEK),Landed 3:59 PM,2021-01-02
7,7,4:35 PM AR1924,,Buenos Aires (EZE),Aerolineas Argentinas B738 (LV-FQZ),Landed 4:29 PM,2021-01-02
8,8,5:25 PM AR1688,,Buenos Aires (EZE),Aerolineas Argentinas B738 (LV-FVO),Landed 5:18 PM,2021-01-02
9,9,6:25 PM AR1680,,Buenos Aires (EZE),Aerolineas Argentinas B738 (LV-FXQ),Landed 6:03 PM,2021-01-02
10,10,6:39 PM DN6000,,Buenos Aires (AEP),Norwegian Air Argentina 737,Unknown,2021-01-02
11,11,7:09 PM WJ3182,,Buenos Aires (EZE),JetSMART (Zorro Culpeo Livery) A320 (LV-IVN),Landed 7:04 PM,2021-01-02
12,12,7:10 PM AR1702,,Rosario (ROS),Aerolineas Argentinas E190 (LV-GBK),Unknown,2021-01-02
13,13,8:40 PM AR1686,,Buenos Aires (EZE),Aerolineas Argentinas B738 (LV-GVC),Landed 8:14 PM,2021-01-02
14,14,9:45 PM,AR1690,Buenos Aires (EZE),Aerolineas Argentinas B738 (LV-FVM),Landed 9:27 PM,2021-01-02
0,0,7:25 AM AR1920,,Buenos Aires (EZE),Aerolineas Argentinas B738 (LV-FXQ),Landed 7:17 AM,2021-01-03
1,1,9:25 AM AR1684,,Buenos Aires (EZE),Aerolineas Argentinas B738 (LV-GVC),Landed 9:09 AM,2021-01-03
2,2,10:24 AM WJ3186,,Buenos Aires (EZE),JetSMART (Zorro Culpeo Livery) A320 (LV-IVN),Landed 9:59 AM,2021-01-03
3,3,11:20 AM AR1682,,Buenos Aires (EZE),Aerolineas Argentinas (SkyTeam Livery) E190 (LV-FPS),Unknown,2021-01-03
4,4,12:30 PM AR1922,,Buenos Aires (EZE),Aerolineas Argentinas B738 (LV-GKT),Landed 12:08 PM,2021-01-03
5,5,3:54 PM WJ3184,,Buenos Aires (EZE),JetSMART (Huemul Livery) A320 (LV-HEK),Landed 3:35 PM,2021-01-03
6,6,4:35 PM AR1924,,Buenos Aires (EZE),Aerolineas Argentinas B738 (LV-FQZ),Landed 4:14 PM,2021-01-03
7,7,5:30 PM AR1688,,Buenos Aires (EZE),Aerolineas Argentinas B738 (LV-FVO),Landed 7:23 PM,2021-01-03
8,8,5:54 PM WJ3182,,Buenos Aires (EZE),JetSMART (Zorro Culpeo Livery) A320 (LV-IVN),Landed 5:38 PM,2021-01-03
9,9,6:39 PM DN6002,,Buenos Aires (AEP),Norwegian Air Argentina 737,Unknown,2021-01-03
10,10,7:40 PM AR1513,,Cordoba (COR),Aerolineas Argentinas (SkyTeam Livery) E190 (LV-FPS),Unknown,2021-01-03
11,11,8:40 PM AR1686,,Buenos Aires (EZE),Aerolineas Argentinas B738 (LV-CXS),Landed 8:34 PM,2021-01-03
12,12,9:40 PM AR1680,,Buenos Aires (EZE),Aerolineas Argentinas B738 (LV-FQZ),Landed 10:25 PM,2021-01-03
0,0,1:25 AM AR1692,,Buenos Aires (EZE),Aerolineas Argentinas B738 (LV-FRQ),Landed 1:22 AM,2021-01-04
1,1,9:25 AM AR1684,,Buenos Aires (EZE),Aerolineas Argentinas B738 (LV-FQZ),Landed 1:21 PM,2021-01-04
2,2,11:08 AM WJ3720,,Cordoba (COR),JetSMART (Jaguar Livery) A320 (LV-HVT),Landed 10:57 AM,2021-01-04
3,3,11:20 AM AR1682,,Buenos Aires (EZE),Aerolineas Argentinas (Skyteam Livery) B737 (LV-BZA),Landed 11:11 AM,2021-01-04
4,4,1:25 PM,AR1690,Buenos Aires (EZE),Aerolineas Argentinas B738 (LV-FVM),Landed 2:41 PM,2021-01-04
5,5,5:30 PM AR1688,,Buenos Aires (EZE),Aerolineas Argentinas B738 (LV-GVA),Landed 6:51 PM,2021-01-04
6,6,6:25 PM AR1680,,Buenos Aires (EZE),Aerolineas Argentinas B738 (LV-GVC),Landed 8:24 PM,2021-01-04
7,7,7:10 PM AR1702,,Rosario (ROS),Aerolineas Argentinas (Retro Livery) B737 (LV-GOO),Landed 6:42 PM,2021-01-04
8,8,7:20 PM WJ3182,,Buenos Aires (EZE),JetSMART (Jaguar Livery) A320 (LV-HVT),Landed 7:09 PM,2021-01-04
9,9,8:10 PM DN6000,,Buenos Aires (AEP),Norwegian Air Argentina 737,Unknown,2021-01-04
10,10,8:40 PM AR1686,,Buenos Aires (EZE),Aerolineas Argentinas B738 (LV-GKT),Landed 10:05 PM,2021-01-04
0,0,9:25 AM AR1684,,Buenos Aires (EZE),Aerolineas Argentinas B738 (LV-FQZ),Landed 9:15 AM,2021-01-05
1,1,10:54 AM WJ3184,,Buenos Aires (EZE),JetSMART (Jaguar Livery) A320 (LV-HVT),Landed 10:39 AM,2021-01-05
2,2,11:20 AM AR1682,,Buenos Aires (EZE),Aerolineas Argentinas (SkyTeam Livery) E190 (LV-FPS),Unknown,2021-01-05
3,3,1:25 PM,AR1690,Buenos Aires (EZE),Aerolineas Argentinas B738 (LV-FWS),Landed 1:15 PM,2021-01-05
4,4,4:57 PM WJ3186,,Buenos Aires (EZE),JetSMART (Jaguar Livery) A320 (LV-HVT),Landed 4:53 PM,2021-01-05
5,5,5:27 PM DN6000,,Buenos Aires (AEP),Norwegian Air Argentina 737,Unknown,2021-01-05
6,6,5:30 PM AR1688,,Buenos Aires (EZE),Aerolineas Argentinas A332 (LV-GKP),Landed 6:42 PM,2021-01-05
7,7,6:25 PM AR1680,,Buenos Aires (EZE),Aerolineas Argentinas E190 (LV-CMA),Unknown,2021-01-05
8,8,7:20 PM AR1513,,Cordoba (COR),Aerolineas Argentinas (Skyteam Livery) B737 (LV-BZA),Landed 6:53 PM,2021-01-05
9,9,7:22 PM WJ3182,,Buenos Aires (EZE),JetSMART (Zorro Culpeo Livery) A320 (LV-IVN),Landed 7:39 PM,2021-01-05
10,10,8:40 PM AR1686,,Buenos Aires (EZE),Aerolineas Argentinas B738 (LV-FXQ),Landed 8:25 PM,2021-01-05
0,0,9:25 AM AR1684,,Buenos Aires (EZE),Aerolineas Argentinas B738 (LV-GVC),Landed 9:03 AM,2021-01-06
1,1,11:02 AM WJ3184,,Buenos Aires (EZE),JetSMART (Zorro Culpeo Livery) A320 (LV-IVN),Landed 10:43 AM,2021-01-06
2,2,11:20 AM AR1682,,Buenos Aires (EZE),Aerolineas Argentinas E190 (LV-CIE),Unknown,2021-01-06
3,3,3:02 PM WJ3740,,Mendoza (MDZ),JetSMART (Huemul Livery) A320 (LV-HEK),Landed 3:12 PM,2021-01-06
4,4,5:02 PM WJ3186,,Buenos Aires (EZE),JetSMART (Zorro Culpeo Livery) A320 (LV-IVN),Landed 5:00 PM,2021-01-06
5,5,5:30 PM AR1688,,Buenos Aires (EZE),Aerolineas Argentinas B738 (LV-FQZ),Landed 5:13 PM,2021-01-06
6,6,6:25 PM AR1680,,Buenos Aires (EZE),Aerolineas Argentinas B738 (LV-GVA),Landed 6:58 PM,2021-01-06
7,7,7:00 PM DN6006,,Buenos Aires (AEP),Norwegian Air Argentina 737,Unknown,2021-01-06
8,8,7:10 PM AR1702,,Rosario (ROS),Aerolineas Argentinas E190 (LV-GBK),Unknown,2021-01-06
9,9,7:15 PM WJ3182,,Buenos Aires (EZE),JetSMART (Jaguar Livery) A320 (LV-HVT),Landed 7:08 PM,2021-01-06
10,10,8:40 PM AR1686,,Buenos Aires (EZE),Aerolineas Argentinas B738 (LV-FRQ),Landed 8:33 PM,2021-01-06
0,0,9:24 AM DN6000,,Buenos Aires (AEP),Norwegian Air Argentina 737,Unknown,2021-01-07
1,1,9:25 AM AR1684,,Buenos Aires (EZE),Aerolineas Argentinas B738 (LV-GVC),Landed 9:09 AM,2021-01-07
2,2,10:22 AM WJ3182,,Buenos Aires (EZE),JetSMART (Huemul Livery) A320 (LV-HEK),Landed 11:08 AM,2021-01-07
3,3,11:02 AM WJ3186,,Buenos Aires (EZE),JetSMART (Jaguar Livery) A320 (LV-HVT),Landed 1:25 PM,2021-01-07
4,4,11:40 AM AR1682,,Buenos Aires (EZE),Aerolineas Argentinas B738 (LV-GKU),Landed 2:00 PM,2021-01-07
5,5,3:38 PM WJ3720,,Cordoba (COR),JetSMART (Cardenal Livery) A320 (LV-IVO),Landed 3:29 PM,2021-01-07
6,6,5:30 PM AR1688,,Buenos Aires (EZE),Aerolineas Argentinas B738 (LV-GVA),Landed 5:21 PM,2021-01-07
7,7,6:25 PM AR1680,,Buenos Aires (EZE),Aerolineas Argentinas B738 (LV-FRQ),Landed 6:06 PM,2021-01-07
8,8,8:15 PM WJ3184,,Buenos Aires (EZE),JetSMART (Zorro Culpeo Livery) A320 (LV-IVN),Landed 7:58 PM,2021-01-07
9,9,8:40 PM AR1686,,Buenos Aires (EZE),Aerolineas Argentinas B738 (LV-GKT),Landed 9:10 PM,2021-01-07
0,0,7:25 AM AR1920,,Buenos Aires (EZE),Aerolineas Argentinas B738 (LV-FXQ),Landed 7:19 AM,2021-01-09
1,1,9:09 AM WJ3184,,Buenos Aires (EZE),JetSMART (Jaguar Livery) A320 (LV-HVT),Landed 8:57 AM,2021-01-09
2,2,9:25 AM AR1684,,Buenos Aires (EZE),Aerolineas Argentinas B738 (LV-FWS),Landed 9:05 AM,2021-01-09
3,3,10:25 AM AR1922,,Buenos Aires (EZE),Aerolineas Argentinas B738 (LV-CXS),Landed 10:20 AM,2021-01-09
4,4,11:20 AM AR1682,,Buenos Aires (EZE),Aerolineas Argentinas E190 (LV-CEU),Unknown,2021-01-09
5,5,2:50 PM AR1929,,Rosario (ROS),Aerolineas Argentinas E190 (LV-CHR),Unknown,2021-01-09
6,6,4:24 PM WJ3186,,Buenos Aires (EZE),JetSMART (Jaguar Livery) A320 (LV-HVT),Landed 4:11 PM,2021-01-09
7,7,4:35 PM AR1924,,Buenos Aires (EZE),Aerolineas Argentinas B738 (LV-FWS),Landed 4:21 PM,2021-01-09
8,8,5:30 PM AR1688,,Buenos Aires (EZE),Aerolineas Argentinas B738 (LV-GKT),Landed 5:32 PM,2021-01-09
9,9,6:25 PM AR1680,,Buenos Aires (EZE),Aerolineas Argentinas B738 (LV-FRQ),Landed 6:16 PM,2021-01-09
10,10,6:39 PM DN6000,,Buenos Aires (AEP),Norwegian Air Argentina 737,Unknown,2021-01-09
11,11,7:10 PM AR1702,,Rosario (ROS),Aerolineas Argentinas (SkyTeam Livery) E190 (LV-FPS),Unknown,2021-01-09
12,12,7:10 PM WJ3182,,Buenos Aires (EZE),JetSMART (Huemul Livery) A320 (LV-HEK),Landed 7:08 PM,2021-01-09
13,13,8:40 PM AR1686,,Buenos Aires (EZE),Aerolineas Argentinas B738 (LV-FXQ),Landed 9:25 PM,2021-01-09
0,0,6:30 AM AR1928,,Buenos Aires (EZE),Aerolineas Argentinas E90,Canceled,2021-01-10
1,1,7:25 AM AR1920,,Buenos Aires (EZE),Aerolineas Argentinas A332 (LV-GHQ),Unknown,2021-01-10
2,2,9:25 AM AR1684,,Buenos Aires (EZE),Aerolineas Argentinas B738 (LV-FRQ),Landed 9:07 AM,2021-01-10
3,3,10:22 AM WJ3184,,Buenos Aires (EZE),JetSMART (Huemul Livery) A320 (LV-HEK),Landed 10:29 AM,2021-01-10
4,4,11:04 AM WJ3186,,Buenos Aires (EZE),JetSMART (Cardenal Livery) A320 (LV-IVO),Landed 10:53 AM,2021-01-10
5,5,11:20 AM AR1682,,Buenos Aires (EZE),Aerolineas Argentinas (SkyTeam Livery) E190 (LV-FPS),Unknown,2021-01-10
6,6,12:30 PM AR1922,,Buenos Aires (EZE),Aerolineas Argentinas B738 (LV-FQZ),Landed 12:20 PM,2021-01-10
7,7,2:12 PM WJ3740,,Mendoza (MDZ),JetSMART (Zorro Culpeo Livery) A320 (LV-IVN),Landed 1:45 PM,2021-01-10
8,8,4:35 PM AR1924,,Buenos Aires (EZE),Aerolineas Argentinas B738 (LV-FVM),Landed 4:19 PM,2021-01-10
9,9,5:30 PM AR1688,,Buenos Aires (EZE),Aerolineas Argentinas B738 (LV-FWS),Landed 5:23 PM,2021-01-10
10,10,6:24 PM WJ3182,,Buenos Aires (EZE),JetSMART (Cardenal Livery) A320 (LV-IVO),Landed 6:14 PM,2021-01-10
11,11,6:39 PM DN6002,,Buenos Aires (AEP),Norwegian Air Argentina 737,Unknown,2021-01-10
12,12,7:40 PM AR1513,,Cordoba (COR),Aerolineas Argentinas E190 (LV-CEV),Unknown,2021-01-10
13,13,8:40 PM AR1686,,Buenos Aires (EZE),Aerolineas Argentinas B738 (LV-CXS),Landed 9:44 PM,2021-01-10
14,14,9:40 PM AR1680,,Buenos Aires (EZE),Aerolineas Argentinas B738 (LV-GVC),Landed 9:33 PM,2021-01-10
0,0,7:35 AM AR1920,,Buenos Aires (EZE),Aerolineas Argentinas (Skyteam Livery) B737 (LV-BZA),Landed 8:13 AM,2021-01-11
1,1,9:25 AM AR1684,,Buenos Aires (EZE),Aerolineas Argentinas A332 (LV-GHQ),Landed 9:30 AM,2021-01-11
2,2,11:08 AM WJ3720,,Cordoba (COR),JetSMART (Huemul Livery) A320 (LV-HEK),Landed 10:53 AM,2021-01-11
3,3,11:20 AM AR1682,,Buenos Aires (EZE),Aerolineas Argentinas E190 (LV-CIE),Unknown,2021-01-11
4,4,1:25 PM,AR1690,Buenos Aires (EZE),Aerolineas Argentinas B738 (LV-GKT),Landed 1:22 PM,2021-01-11
5,5,5:30 PM AR1688,,Buenos Aires (EZE),Aerolineas Argentinas B738 (LV-FVM),Landed 5:34 PM,2021-01-11
6,6,6:25 PM AR1680,,Buenos Aires (EZE),Aerolineas Argentinas B738 (LV-CXS),Landed 6:32 PM,2021-01-11
7,7,7:10 PM AR1702,,Rosario (ROS),Aerolineas Argentinas E190 (LV-GBK),Unknown,2021-01-11
8,8,7:20 PM WJ3182,,Buenos Aires (EZE),JetSMART (Huemul Livery) A320 (LV-HEK),Landed 7:16 PM,2021-01-11
9,9,8:10 PM DN6000,,Buenos Aires (AEP),Norwegian Air Argentina 737,Unknown,2021-01-11
10,10,8:40 PM AR1686,,Buenos Aires (EZE),Aerolineas Argentinas B738 (LV-FVO),Landed 10:13 PM,2021-01-11
0,0,9:25 AM AR1684,,Buenos Aires (EZE),Aerolineas Argentinas B738 (LV-FXQ),Landed 9:10 AM,2021-01-12
1,1,10:54 AM WJ3184,,Buenos Aires (EZE),JetSMART (Zorro Culpeo Livery) A320 (LV-IVN),Landed 10:44 AM,2021-01-12
2,2,11:20 AM AR1682,,Buenos Aires (EZE),Aerolineas Argentinas E190 (LV-GBK),Unknown,2021-01-12
3,3,4:57 PM WJ3186,,Buenos Aires (EZE),JetSMART (Zorro Culpeo Livery) A320 (LV-IVN),Landed 4:41 PM,2021-01-12
4,4,5:27 PM DN6000,,Buenos Aires (AEP),Norwegian Air Argentina 737,Unknown,2021-01-12
5,5,5:30 PM AR1688,,Buenos Aires (EZE),Aerolineas Argentinas B738 (LV-FUB),Landed 5:12 PM,2021-01-12
6,6,6:25 PM AR1680,,Buenos Aires (EZE),Aerolineas Argentinas B738 (LV-GKU),Landed 6:16 PM,2021-01-12
7,7,7:20 PM AR1513,,Cordoba (COR),Aerolineas Argentinas (Retro Livery) B737 (LV-GOO),Landed 7:01 PM,2021-01-12
8,8,7:22 PM WJ3182,,Buenos Aires (EZE),JetSMART (Jaguar Livery) A320 (LV-HVT),Landed 7:17 PM,2021-01-12
9,9,8:40 PM AR1686,,Buenos Aires (EZE),Aerolineas Argentinas B738 (LV-CXS),Landed 8:28 PM,2021-01-12
0,0,8:50 AM FO5238,,Buenos Aires (EZE),Flybondi B738 (LV-HFR),Landed 8:30 AM,2021-02-01
1,1,9:30 AM AR1684,,Buenos Aires (EZE),Aerolineas Argentinas B738 (LV-FWS),Landed 9:12 AM,2021-02-01
2,2,11:20 AM AR1682,,Buenos Aires (EZE),Aerolineas Argentinas (Skyteam Livery) B737 (LV-BZA),Landed 11:44 AM,2021-02-01
3,3,2:30 PM AR1930,,Buenos Aires (EZE),Aerolineas Argentinas B738 (LV-FXQ),Landed 2:04 PM,2021-02-01
4,4,2:41 PM WJ3184,,Buenos Aires (EZE),JetSMART (Zorro Culpeo Livery) A320 (LV-IVN),Landed 2:28 PM,2021-02-01
5,5,5:25 PM AR1688,,Buenos Aires (EZE),Aerolineas Argentinas B738 (LV-GKU),Landed 5:04 PM,2021-02-01
6,6,6:25 PM AR1680,,Buenos Aires (EZE),Aerolineas Argentinas B738 (LV-FRQ),Landed 6:50 PM,2021-02-01
7,7,7:30 PM AR1702,,Rosario (ROS),Aerolineas Argentinas (Retro Livery) B737 (LV-GOO),Landed 7:06 PM,2021-02-01
8,8,7:37 PM WJ3182,,Buenos Aires (EZE),JetSMART (Cardenal Livery) A320 (LV-IVO),Landed 7:17 PM,2021-02-01
9,9,8:10 PM DN6000,,Buenos Aires (AEP),Norwegian Air Argentina 737,Unknown,2021-02-01
10,10,8:45 PM AR1686,,Buenos Aires (EZE),Aerolineas Argentinas B738 (LV-FXQ),Landed 8:30 PM,2021-02-01
0,0,7:52 AM WJ3184,,Buenos Aires (EZE),JetSMART (Huemul Livery) A320 (LV-HEK),Landed 7:35 AM,2021-02-02
1,1,8:50 AM FO5238,,Buenos Aires (EZE),Flybondi B738 (LV-HFR),Landed 8:27 AM,2021-02-02
2,2,9:30 AM AR1684,,Buenos Aires (EZE),Aerolineas Argentinas B738 (LV-FVO),Unknown,2021-02-02
3,3,10:44 AM WJ3720,,Cordoba (COR),JetSMART (Cardenal Livery) A320 (LV-IVO),Landed 10:27 AM,2021-02-02
4,4,11:20 AM AR1682,,Buenos Aires (EZE),Aerolineas Argentinas E190 (LV-CKZ),Unknown,2021-02-02
5,5,12:20 PM AR1692,,Buenos Aires (EZE),Aerolineas Argentinas E190 (LV-CDY),Unknown,2021-02-02
6,6,3:04 PM WJ3186,,Buenos Aires (EZE),JetSMART (Huemul Livery) A320 (LV-HEK),Landed 2:35 PM,2021-02-02
7,7,5:25 PM AR1688,,Buenos Aires (EZE),Aerolineas Argentinas B738 (LV-CXT),Landed 5:09 PM,2021-02-02
8,8,5:27 PM DN6000,,Buenos Aires (AEP),Norwegian Air Argentina 737,Unknown,2021-02-02
9,9,6:25 PM AR1680,,Buenos Aires (EZE),Aerolineas Argentinas B738 (LV-CXS),Landed 6:17 PM,2021-02-02
10,10,7:00 PM WJ3182,,Buenos Aires (EZE),JetSMART (Cardenal Livery) A320 (LV-IVO),Landed 6:39 PM,2021-02-02
11,11,7:40 PM AR1513,,Cordoba (COR),Aerolineas Argentinas B738 (LV-FXQ),Landed 7:23 PM,2021-02-02
12,12,8:40 PM AR1686,,Buenos Aires (EZE),Aerolineas Argentinas B738 (LV-GKU),Landed 8:35 PM,2021-02-02
0,0,8:37 AM WJ3186,,Buenos Aires (EZE),JetSMART (Jaguar Livery) A320 (LV-HVT),Landed 8:15 AM,2021-02-03
1,1,9:30 AM AR1684,,Buenos Aires (EZE),Aerolineas Argentinas B738 (LV-GKU),Landed 9:04 AM,2021-02-03
2,2,11:20 AM AR1682,,Buenos Aires (EZE),Aerolineas Argentinas (Skyteam Livery) B737 (LV-BZA),Landed 11:10 AM,2021-02-03
3,3,3:52 PM WJ3740,,Mendoza (MDZ),JetSMART (Cardenal Livery) A320 (LV-IVO),Landed 3:59 PM,2021-02-03
4,4,5:08 PM WJ3182,,Buenos Aires (EZE),JetSMART (Zorro Culpeo Livery) A320 (LV-IVN),Landed 4:41 PM,2021-02-03
5,5,5:25 PM AR1688,,Buenos Aires (EZE),Aerolineas Argentinas B738 (LV-GKU),Landed 5:05 PM,2021-02-03
6,6,6:25 PM AR1680,,Buenos Aires (EZE),Aerolineas Argentinas B738 (LV-GGK),Landed 6:14 PM,2021-02-03
7,7,7:00 PM DN6006,,Buenos Aires (AEP),Norwegian Air Argentina 737,Unknown,2021-02-03
8,8,7:30 PM AR1702,,Rosario (ROS),Aerolineas Argentinas B738 (LV-FVM),Landed 7:08 PM,2021-02-03
9,9,8:11 PM WJ3184,,Buenos Aires (EZE),JetSMART (Huemul Livery) A320 (LV-HEK),Landed 8:17 PM,2021-02-03
10,10,8:40 PM AR1686,,Buenos Aires (EZE),Aerolineas Argentinas B738 (LV-GKT),Landed 8:28 PM,2021-02-03
0,0,8:32 AM WJ3182,,Buenos Aires (EZE),JetSMART (Huemul Livery) A320 (LV-HEK),Landed 8:15 AM,2021-02-04
1,1,9:24 AM DN6000,,Buenos Aires (AEP),Norwegian Air Argentina 737,Unknown,2021-02-04
2,2,9:30 AM AR1684,,Buenos Aires (EZE),Aerolineas Argentinas B738 (LV-GGK),Landed 9:13 AM,2021-02-04
3,3,9:52 AM WJ3186,,Buenos Aires (EZE),JetSMART Argentina 320,Canceled,2021-02-04
4,4,11:20 AM AR1682,,Buenos Aires (EZE),Aerolineas Argentinas E190 (LV-CHR),Unknown,2021-02-04
5,5,5:25 PM AR1688,,Buenos Aires (EZE),Aerolineas Argentinas B738 (LV-GGK),Landed 5:09 PM,2021-02-04
6,6,6:01 PM WJ3720,,Cordoba (COR),JetSMART (Huemul Livery) A320 (LV-HEK),Landed 5:41 PM,2021-02-04
7,7,6:25 PM AR1680,,Buenos Aires (EZE),Aerolineas Argentinas B738 (LV-CXS),Landed 6:15 PM,2021-02-04
8,8,7:54 PM WJ3184,,Buenos Aires (EZE),JetSMART (Cardenal Livery) A320 (LV-IVO),Landed 7:35 PM,2021-02-04
9,9,8:40 PM AR1686,,Buenos Aires (EZE),Aerolineas Argentinas B738 (LV-FQZ),Landed 8:24 PM,2021-02-04
0,0,8:07 AM WJ3184,,Buenos Aires (EZE),JetSMART (Cardenal Livery) A320 (LV-IVO),Landed 7:48 AM,2021-02-05
1,1,9:05 AM FO5270,,Buenos Aires (EZE),Flybondi B738 (LV-HFR),Landed 8:53 AM,2021-02-05
2,2,9:30 AM AR1684,,Buenos Aires (EZE),Aerolineas Argentinas B738 (LV-CXS),Landed 9:54 AM,2021-02-05
3,3,11:20 AM AR1682,,Buenos Aires (EZE),Aerolineas Argentinas E190 (LV-CEV),Unknown,2021-02-05
4,4,3:40 PM WJ3182,,Buenos Aires (EZE),JetSMART (Cardenal Livery) A320 (LV-IVO),Landed 3:11 PM,2021-02-05
5,5,5:25 PM AR1688,,Buenos Aires (EZE),Aerolineas Argentinas B738 (LV-FXQ),Landed 5:03 PM,2021-02-05
6,6,6:25 PM AR1680,,Buenos Aires (EZE),Aerolineas Argentinas B738 (LV-FVM),Landed 6:02 PM,2021-02-05
7,7,7:05 PM DN6006,,Buenos Aires (AEP),Norwegian Air Argentina 737,Unknown,2021-02-05
8,8,7:40 PM AR1513,,Cordoba (COR),Aerolineas Argentinas E190 (LV-CHR),Unknown,2021-02-05
9,9,8:40 PM AR1686,,Buenos Aires (EZE),Aerolineas Argentinas B738 (LV-FRQ),Landed 8:14 PM,2021-02-05
10,10,9:00 PM WJ3186,,Buenos Aires (EZE),JetSMART (Jaguar Livery) A320 (LV-HVT),Landed 8:39 PM,2021-02-05
0,0,8:10 AM AR1690,,Buenos Aires (EZE),Aerolineas Argentinas B738 (LV-GKU),Landed 7:39 AM,2021-02-06
1,1,8:22 AM WJ3186,,Buenos Aires (EZE),JetSMART (Huemul Livery) A320 (LV-HEK),Landed 8:08 AM,2021-02-06
2,2,9:30 AM AR1684,,Buenos Aires (EZE),Aerolineas Argentinas B738 (LV-GKT),Landed 9:02 AM,2021-02-06
3,3,11:20 AM AR1682,,Buenos Aires (EZE),Aerolineas Argentinas B738 (LV-FRQ),Landed 10:53 AM,2021-02-06
4,4,12:20 PM AR1692,,Buenos Aires (EZE),Aerolineas Argentinas B738 (LV-CXT),Unknown,2021-02-06
5,5,3:54 PM WJ3182,,Buenos Aires (EZE),JetSMART (Huemul Livery) A320 (LV-HEK),Landed 3:37 PM,2021-02-06
6,6,4:25 PM,AR1694,Buenos Aires (EZE),Aerolineas Argentinas B738 (LV-CXS),Landed 4:08 PM,2021-02-06
7,7,5:25 PM AR1688,,Buenos Aires (EZE),Aerolineas Argentinas B738 (LV-FQZ),Landed 5:25 PM,2021-02-06
8,8,6:25 PM AR1680,,Buenos Aires (EZE),Aerolineas Argentinas B738 (LV-GKT),Landed 6:13 PM,2021-02-06
9,9,6:39 PM DN6000,,Buenos Aires (AEP),Norwegian Air Argentina 737,Unknown,2021-02-06
10,10,7:30 PM AR1702,,Rosario (ROS),Aerolineas Argentinas E190 (LV-CEU),Unknown,2021-02-06
11,11,7:42 PM WJ3184,,Buenos Aires (EZE),JetSMART (Zorro Culpeo Livery) A320 (LV-IVN),Landed 7:30 PM,2021-02-06
12,12,8:40 PM AR1686,,Buenos Aires (EZE),Aerolineas Argentinas B738 (LV-FUB),Landed 8:13 PM,2021-02-06
13,13,9:45 PM AR1944,,Buenos Aires (EZE),Aerolineas Argentinas E190 (LV-CHS),Unknown,2021-02-06
0,0,7:15 AM AR1690,,Buenos Aires (EZE),Aerolineas Argentinas B738 (LV-CXT),Landed 7:26 AM,2021-02-07
1,1,8:10 AM FO5238,,Buenos Aires (EZE),Flybondi B738 (LV-HFR),Landed 8:11 AM,2021-02-07
2,2,9:02 AM WJ3184,,Buenos Aires (EZE),JetSMART (Zorro Culpeo Livery) A320 (LV-IVN),Landed 9:10 AM,2021-02-07
3,3,9:30 AM AR1684,,Buenos Aires (EZE),Aerolineas Argentinas B738 (LV-FQZ),Landed 9:18 AM,2021-02-07
4,4,10:27 AM WJ3740,,Mendoza (MDZ),JetSMART (Huemul Livery) A320 (LV-HEK),Landed 10:08 AM,2021-02-07
5,5,11:20 AM AR1682,,Buenos Aires (EZE),Aerolineas Argentinas B738 (LV-FRQ),Landed 11:06 AM,2021-02-07
6,6,12:20 PM AR1692,,Buenos Aires (EZE),Aerolineas Argentinas B738 (LV-GGK),Landed 12:22 PM,2021-02-07
7,7,4:25 PM,AR1694,Buenos Aires (EZE),Aerolineas Argentinas B738 (LV-GKT),Landed 4:12 PM,2021-02-07
8,8,5:25 PM AR1688,,Buenos Aires (EZE),Aerolineas Argentinas B737 (LV-CAP),Landed 5:12 PM,2021-02-07
9,9,6:39 PM DN6002,,Buenos Aires (AEP),Norwegian Air Argentina 737,Unknown,2021-02-07
10,10,7:40 PM AR1513,,Cordoba (COR),Aerolineas Argentinas E190 (LV-CHS),Unknown,2021-02-07
11,11,8:11 PM WJ3182,,Buenos Aires (EZE),JetSMART (Zorro Culpeo Livery) A320 (LV-IVN),Landed 7:56 PM,2021-02-07
12,12,8:40 PM AR1686,,Buenos Aires (EZE),Aerolineas Argentinas B738 (LV-FRQ),Landed 8:29 PM,2021-02-07
13,13,10:05 PM AR1680,,Buenos Aires (EZE),Aerolineas Argentinas B738 (LV-CXT),Landed 9:46 PM,2021-02-07
0,0,8:50 AM FO5238,,Buenos Aires (EZE),Flybondi B738 (LV-HFR),Landed 8:23 AM,2021-02-08
1,1,9:30 AM AR1684,,Buenos Aires (EZE),Aerolineas Argentinas B738 (LV-GKT),Landed 9:08 AM,2021-02-08
2,2,11:20 AM AR1682,,Buenos Aires (EZE),Aerolineas Argentinas E190 (LV-GBK),Unknown,2021-02-08
3,3,2:41 PM WJ3184,,Buenos Aires (EZE),JetSMART (Zorro Culpeo Livery) A320 (LV-IVN),Landed 2:28 PM,2021-02-08
4,4,5:25 PM AR1688,,Buenos Aires (EZE),Aerolineas Argentinas B738 (LV-GKT),Landed 5:08 PM,2021-02-08
5,5,6:25 PM AR1680,,Buenos Aires (EZE),Aerolineas Argentinas B738 (LV-CXS),Landed 6:09 PM,2021-02-08
6,6,7:30 PM AR1702,,Rosario (ROS),Aerolineas Argentinas E190 (LV-CHQ),Unknown,2021-02-08
7,7,7:37 PM WJ3182,,Buenos Aires (EZE),JetSMART (Cardenal Livery) A320 (LV-IVO),Landed 7:29 PM,2021-02-08
8,8,8:10 PM DN6000,,Buenos Aires (AEP),Norwegian Air Argentina 737,Unknown,2021-02-08
9,9,8:40 PM AR1686,,Buenos Aires (EZE),Aerolineas Argentinas B738 (LV-FQZ),Landed 8:26 PM,2021-02-08
0,0,7:52 AM WJ3184,,Buenos Aires (EZE),JetSMART (Huemul Livery) A320 (LV-HEK),Landed 7:36 AM,2021-02-09
1,1,8:50 AM FO5238,,Buenos Aires (EZE),Flybondi B738 (LV-HFR),Landed 8:27 AM,2021-02-09
2,2,9:30 AM AR1684,,Buenos Aires (EZE),Aerolineas Argentinas B738 (LV-FRQ),Landed 9:17 AM,2021-02-09
3,3,10:44 AM WJ3720,,Cordoba (COR),JetSMART (Jaguar Livery) A320 (LV-HVT),Landed 10:25 AM,2021-02-09
4,4,11:20 AM AR1682,,Buenos Aires (EZE),Aerolineas Argentinas E190 (LV-CHQ),Unknown,2021-02-09
5,5,12:20 PM AR1692,,Buenos Aires (EZE),Aerolineas Argentinas (SkyTeam Livery) E190 (LV-FPS),Unknown,2021-02-09
6,6,3:04 PM WJ3186,,Buenos Aires (EZE),JetSMART Argentina 320,Unknown,2021-02-09
7,7,5:25 PM AR1688,,Buenos Aires (EZE),Aerolineas Argentinas B738 (LV-FUB),Landed 5:13 PM,2021-02-09
8,8,5:27 PM DN6000,,Buenos Aires (AEP),Norwegian Air Argentina 737,Unknown,2021-02-09
9,9,6:25 PM AR1680,,Buenos Aires (EZE),Aerolineas Argentinas B738 (LV-FVO),Landed 6:10 PM,2021-02-09
10,10,7:00 PM WJ3182,,Buenos Aires (EZE),JetSMART (Zorro Culpeo Livery) A320 (LV-IVN),Landed 6:45 PM,2021-02-09
11,11,7:40 PM AR1513,,Cordoba (COR),Aerolineas Argentinas E190 (LV-CDY),Unknown,2021-02-09
12,12,8:40 PM AR1686,,Buenos Aires (EZE),Aerolineas Argentinas B738 (LV-FQZ),Landed 8:13 PM,2021-02-09
0,0,8:32 AM WJ3182,,Buenos Aires (EZE),JetSMART (Cardenal Livery) A320 (LV-IVO),Landed 8:01 AM,2021-02-11
1,1,9:24 AM DN6000,,Buenos Aires (AEP),Norwegian Air Argentina 737,Unknown,2021-02-11
2,2,9:30 AM AR1684,,Buenos Aires (EZE),Aerolineas Argentinas B738 (LV-GKT),Landed 9:17 AM,2021-02-11
3,3,9:52 AM WJ3186,,Buenos Aires (EZE),JetSMART (Zorro Culpeo Livery) A320 (LV-IVN),Landed 9:40 AM,2021-02-11
4,4,11:20 AM AR1682,,Buenos Aires (EZE),Aerolineas Argentinas E190 (LV-CHS),Unknown,2021-02-11
5,5,5:25 PM AR1688,,Buenos Aires (EZE),Aerolineas Argentinas B738 (LV-FVO),Landed 4:54 PM,2021-02-11
6,6,6:01 PM WJ3720,,Cordoba (COR),JetSMART (Huemul Livery) A320 (LV-HEK),Landed 5:49 PM,2021-02-11
7,7,6:25 PM AR1680,,Buenos Aires (EZE),Aerolineas Argentinas B738 (LV-CXT),Landed 6:11 PM,2021-02-11
8,8,7:54 PM WJ3184,,Buenos Aires (EZE),JetSMART (Jaguar Livery) A320 (LV-HVT),Landed 7:42 PM,2021-02-11
9,9,8:40 PM AR1686,,Buenos Aires (EZE),Aerolineas Argentinas B738 (LV-FQZ),Landed 8:29 PM,2021-02-11
0,0,8:07 AM WJ3184,,Buenos Aires (EZE),JetSMART (Jaguar Livery) A320 (LV-HVT),Landed 7:47 AM,2021-02-12
1,1,9:30 AM AR1684,,Buenos Aires (EZE),Aerolineas Argentinas B738 (LV-FRQ),Landed 9:12 AM,2021-02-12
2,2,11:20 AM AR1682,,Buenos Aires (EZE),Aerolineas Argentinas E190 (LV-CHR),Unknown,2021-02-12
3,3,3:40 PM WJ3182,,Buenos Aires (EZE),JetSMART (Jaguar Livery) A320 (LV-HVT),Landed 3:15 PM,2021-02-12
4,4,5:25 PM AR1688,,Buenos Aires (EZE),Aerolineas Argentinas B738 (LV-FRQ),Landed 4:59 PM,2021-02-12
5,5,6:25 PM AR1680,,Buenos Aires (EZE),Aerolineas Argentinas B738 (LV-GVC),Landed 6:00 PM,2021-02-12
6,6,7:05 PM DN6006,,Buenos Aires (AEP),Norwegian Air Argentina 737,Unknown,2021-02-12
7,7,7:40 PM AR1513,,Cordoba (COR),Aerolineas Argentinas E190 (LV-CMB),Unknown,2021-02-12
8,8,8:40 PM AR1686,,Buenos Aires (EZE),Aerolineas Argentinas B738 (LV-FVM),Landed 8:17 PM,2021-02-12
9,9,8:59 PM WJ3186,,Buenos Aires (EZE),JetSMART (Cardenal Livery) A320 (LV-IVO),Landed 8:50 PM,2021-02-12
10,10,9:55 PM AR1900,,Buenos Aires (EZE),Aerolineas Argentinas B738 (LV-FWS),Landed 9:55 PM,2021-02-12
0,0,7:10 AM AR1908,,Buenos Aires (EZE),Aerolineas Argentinas B738 (LV-GKU),Landed 7:11 AM,2021-02-13
1,1,8:10 AM AR1690,,Buenos Aires (EZE),Aerolineas Argentinas B738 (LV-FWS),Landed 7:50 AM,2021-02-13
2,2,8:22 AM WJ3186,,Buenos Aires (EZE),JetSMART (Cardenal Livery) A320 (LV-IVO),Landed 7:59 AM,2021-02-13
3,3,9:30 AM AR1684,,Buenos Aires (EZE),Aerolineas Argentinas B738 (LV-GKT),Landed 9:09 AM,2021-02-13
4,4,11:20 AM AR1682,,Buenos Aires (EZE),Aerolineas Argentinas E190 (LV-CKZ),Unknown,2021-02-13
5,5,12:20 PM AR1692,,Buenos Aires (EZE),Aerolineas Argentinas B738 (LV-GVC),Landed 12:12 PM,2021-02-13
6,6,3:54 PM WJ3182,,Buenos Aires (EZE),JetSMART (Huemul Livery) A320 (LV-HEK),Landed 3:59 PM,2021-02-13
7,7,4:25 PM,AR1694,Buenos Aires (EZE),Aerolineas Argentinas B738 (LV-FVM),Landed 4:03 PM,2021-02-13
8,8,5:25 PM AR1688,,Buenos Aires (EZE),Aerolineas Argentinas B738 (LV-FRQ),Landed 4:59 PM,2021-02-13
9,9,6:25 PM AR1680,,Buenos Aires (EZE),Aerolineas Argentinas B738 (LV-CXS),Landed 6:46 PM,2021-02-13
10,10,6:39 PM DN6000,,Buenos Aires (AEP),Norwegian Air Argentina 737,Unknown,2021-02-13
11,11,7:30 PM AR1702,,Rosario (ROS),Aerolineas Argentinas E190 (LV-GAQ),Unknown,2021-02-13
12,12,7:42 PM WJ3184,,Buenos Aires (EZE),JetSMART (Jaguar Livery) A320 (LV-HVT),Landed 8:11 PM,2021-02-13
13,13,8:40 PM AR1686,,Buenos Aires (EZE),Aerolineas Argentinas B738 (LV-GKU),Landed 8:50 PM,2021-02-13
0,0,7:15 AM AR1690,,Buenos Aires (EZE),Aerolineas Argentinas B738 (LV-FQZ),Landed 7:27 AM,2021-02-14
1,1,8:10 AM FO5238,,Buenos Aires (EZE),Flybondi B738 (LV-HFR),Landed 8:01 AM,2021-02-14
2,2,9:02 AM WJ3184,,Buenos Aires (EZE),JetSMART (Zorro Culpeo Livery) A320 (LV-IVN),Landed 8:38 AM,2021-02-14
3,3,9:30 AM AR1684,,Buenos Aires (EZE),Aerolineas Argentinas B738 (LV-FVO),Landed 9:25 AM,2021-02-14
4,4,10:27 AM WJ3740,,Mendoza (MDZ),JetSMART (Cardenal Livery) A320 (LV-IVO),Landed 10:22 AM,2021-02-14
5,5,11:20 AM AR1682,,Buenos Aires (EZE),Aerolineas Argentinas (Retro Livery) B737 (LV-GOO),Landed 10:53 AM,2021-02-14
6,6,12:20 PM AR1692,,Buenos Aires (EZE),Aerolineas Argentinas B738 (LV-CXS),Landed 12:08 PM,2021-02-14
7,7,4:25 PM,AR1694,Buenos Aires (EZE),Aerolineas Argentinas B738 (LV-GGK),Landed 4:40 PM,2021-02-14
8,8,5:50 PM AR1688,,Buenos Aires (EZE),Aerolineas Argentinas A332 (LV-FNK),Landed 5:32 PM,2021-02-14
9,9,6:39 PM DN6002,,Buenos Aires (AEP),Norwegian Air Argentina 737,Unknown,2021-02-14
10,10,7:40 PM AR1513,,Cordoba (COR),Aerolineas Argentinas (Skyteam Livery) B737 (LV-BZA),Landed 7:25 PM,2021-02-14
11,11,8:11 PM WJ3182,,Buenos Aires (EZE),JetSMART (Cardenal Livery) A320 (LV-IVO),Landed 7:59 PM,2021-02-14
12,12,8:40 PM AR1686,,Buenos Aires (EZE),Aerolineas Argentinas B738 (LV-FXQ),Landed 8:16 PM,2021-02-14
13,13,10:05 PM AR1680,,Buenos Aires (EZE),Aerolineas Argentinas B738 (LV-FWS),Landed 9:47 PM,2021-02-14
0,0,7:25 AM AR1684,,Buenos Aires (EZE),Aerolineas Argentinas B738 (LV-GKT),Landed 7:10 AM,2021-03-11
1,1,8:32 AM WJ3182,,Buenos Aires (EZE),JetSMART (Zorro Culpeo Livery) A320 (LV-IVN),Landed 8:16 AM,2021-03-11
2,2,9:24 AM DN6000,,Buenos Aires (AEP),Norwegian Air Argentina 737,Unknown,2021-03-11
3,3,9:30 AM FO5238,,El Palomar (EPA),Flybondi 738,Unknown,2021-03-11
4,4,5:37 PM WJ1591,,Rosario (ROS),JetSMART (Zorro Culpeo Livery) A320 (LV-IVN),Landed 5:12 PM,2021-03-11
5,5,5:45 PM AR1688,,Buenos Aires (EZE),Aerolineas Argentinas B738 (LV-FUB),Landed 5:35 PM,2021-03-11
6,6,6:11 PM WJ3720,,Cordoba (COR),JetSMART (Huemul Livery) A320 (LV-HEK),Landed 6:23 PM,2021-03-11
7,7,6:45 PM AR1680,,Buenos Aires (EZE),Aerolineas Argentinas B738 (LV-FVO),Landed 6:27 PM,2021-03-11
8,8,8:24 PM WJ3184,,Buenos Aires (EZE),JetSMART (Cardenal Livery) A320 (LV-IVO),Landed 8:19 PM,2021-03-11
9,9,9:20 PM AR1686,,Buenos Aires (EZE),Aerolineas Argentinas B738 (LV-FUA),Landed 8:58 PM,2021-03-11
0,0,07:25 AR1684,,Buenos Aires (EZE),Aerolineas Argentinas B738 (LV-GKS),Landed 07:11,2021-03-12
1,1,08:07 WJ3184,,Buenos Aires (EZE),JetSMART (Cardenal Livery) A320 (LV-IVO),Landed 08:04,2021-03-12
2,2,11:20 AR1682,,Buenos Aires (EZE),Aerolineas Argentinas B738 (LV-GGK),Landed 11:09,2021-03-12
3,3,15:40 WJ3182,,Buenos Aires (EZE),JetSMART (Huemul Livery) A320 (LV-HEK),Unknown,2021-03-12
4,4,17:45 AR1688,,Buenos Aires (EZE),Aerolineas Argentinas B738 (LV-GKT),Landed 17:39,2021-03-12
5,5,18:45 AR1680,,Buenos Aires (EZE),Aerolineas Argentinas (Retro Livery) B737 (LV-GOO),Landed 19:38,2021-03-12
6,6,19:05 DN6006,,Buenos Aires (AEP),Norwegian Air Argentina 737,Unknown,2021-03-12
7,7,19:20 FO5270,,El Palomar (EPA),Flybondi 738,Unknown,2021-03-12
8,8,21:20 AR1686,,Buenos Aires (EZE),Aerolineas Argentinas B738 (LV-FVO),Landed 21:51,2021-03-12
0,0,07:25 AR1684,,Buenos Aires (EZE),Aerolineas Argentinas B738 (LV-FRQ),Landed 07:10,2021-03-13
1,1,08:32 WJ3184,,Buenos Aires (EZE),JetSMART (Cardenal Livery) A320 (LV-IVO),Landed 08:10,2021-03-13
2,2,09:30 FO5238,,El Palomar (EPA),Flybondi 738,Unknown,2021-03-13
3,3,10:25 AR1690,,Buenos Aires (EZE),Aerolineas Argentinas B738 (LV-GGK),Landed 10:01,2021-03-13
4,4,11:20 AR1682,,Buenos Aires (EZE),Aerolineas Argentinas B738 (LV-FUB),Unknown,2021-03-13
5,5,13:45 FO5238,,Buenos Aires (EZE),Flybondi B738 (LV-HFR),Landed 13:11,2021-03-13
6,6,15:54 WJ3182,,Buenos Aires (EZE),JetSMART (Huemul Livery) A320 (LV-HEK),Landed 15:36,2021-03-13
7,7,17:45 AR1688,,Buenos Aires (EZE),Aerolineas Argentinas B738 (LV-GKU),Landed 17:25,2021-03-13
8,8,18:39 DN6000,,Buenos Aires (AEP),Norwegian Air Argentina 737,Unknown,2021-03-13
9,9,18:45 AR1680,,Buenos Aires (EZE),Aerolineas Argentinas B738 (LV-FXQ),Landed 18:24,2021-03-13
10,10,20:00 AR1702,,Rosario (ROS),Aerolineas Argentinas B738 (LV-GGK),Landed 19:38,2021-03-13
11,11,21:45 AR1686,,Buenos Aires (EZE),Aerolineas Argentinas B738 (LV-FVO),Landed 21:23,2021-03-13
0,0,07:25 AR1684,,Buenos Aires (EZE),Aerolineas Argentinas B738 (LV-FXQ),Landed 07:13,2021-03-14
1,1,08:30 FO5238,,Buenos Aires (EZE),Flybondi B738 (LV-HKN),Landed 08:04,2021-03-14
2,2,09:02 WJ3184,,Buenos Aires (EZE),JetSMART (Zorro Culpeo Livery) A320 (LV-IVN),Landed 08:45,2021-03-14
3,3,09:21 FO5238,,El Palomar (EPA),Flybondi 738,Unknown,2021-03-14
4,4,10:25 AR1690,,Buenos Aires (EZE),Aerolineas Argentinas B738 (LV-GKT),Landed 10:10,2021-03-14
5,5,10:27 WJ3740,,Mendoza (MDZ),JetSMART (Huemul Livery) A320 (LV-HEK),Landed 10:07,2021-03-14
6,6,11:20 AR1682,,Buenos Aires (EZE),Aerolineas Argentinas B737 (LV-CBT),Landed 11:31,2021-03-14
7,7,17:45 AR1688,,Buenos Aires (EZE),Aerolineas Argentinas B738 (LV-FWS),Landed 17:19,2021-03-14
8,8,18:39 DN6002,,Buenos Aires (AEP),Norwegian Air Argentina 737,Unknown,2021-03-14
9,9,18:45 AR1680,,Buenos Aires (EZE),Aerolineas Argentinas B738 (LV-CXT),Landed 18:18,2021-03-14
10,10,20:11 WJ3182,,Buenos Aires (EZE),JetSMART (Zorro Culpeo Livery) A320 (LV-IVN),Landed 19:49,2021-03-14
11,11,20:15 AR1513,,Cordoba (COR),Aerolineas Argentinas E190 (LV-CET),Unknown,2021-03-14
12,12,22:55 AR1686,,Buenos Aires (EZE),Aerolineas Argentinas B738 (LV-FRQ),Landed 22:28,2021-03-14
0,0,7:25 AM AR1684,,Buenos Aires (EZE),Aerolineas Argentinas B738 (LV-FUA),Landed 7:10 AM,2021-03-15
1,1,8:50 AM FO5270,,Buenos Aires (EZE),Flybondi B738 (LV-HKN),Landed 8:27 AM,2021-03-15
2,2,11:20 AM AR1682,,Buenos Aires (EZE),Aerolineas Argentinas B738 (LV-GKS),Landed 10:55 AM,2021-03-15
3,3,2:56 PM WJ3184,,Buenos Aires (EZE),JetSMART (Huemul Livery) A320 (LV-HEK),Landed 2:34 PM,2021-03-15
4,4,5:45 PM AR1688,,Buenos Aires (EZE),Aerolineas Argentinas B738 (LV-GKU),Landed 5:39 PM,2021-03-15
5,5,6:45 PM AR1680,,Buenos Aires (EZE),Aerolineas Argentinas B738 (LV-FQZ),Landed 6:23 PM,2021-03-15
6,6,7:20 PM FO5270,,El Palomar (EPA),Flybondi 738,Unknown,2021-03-15
7,7,8:07 PM WJ3182,,Buenos Aires (EZE),JetSMART (Huemul Livery) A320 (LV-HEK),Landed 8:28 PM,2021-03-15
8,8,8:10 PM DN6000,,Buenos Aires (AEP),Norwegian Air Argentina 737,Unknown,2021-03-15
9,9,10:20 PM AR1686,,Buenos Aires (EZE),Aerolineas Argentinas B738 (LV-FWS),Landed 11:03 PM,2021-03-15
0,0,07:25 AR1684,,Buenos Aires (EZE),Aerolineas Argentinas B738 (LV-FRQ),Landed 07:14,2021-03-16
1,1,08:50 FO5238,,Buenos Aires (EZE),Flybondi B738 (LV-HKN),Landed 08:21,2021-03-16
2,2,09:21 FO5238,,El Palomar (EPA),Flybondi 738,Unknown,2021-03-16
3,3,11:20 AR1682,,Buenos Aires (EZE),Aerolineas Argentinas B738 (LV-CXT),Landed 12:48,2021-03-16
4,4,13:46 WJ3182,,Buenos Aires (AEP),JetSMART (Huemul Livery) A320 (LV-HEK),Landed 13:30,2021-03-16
5,5,17:27 DN6000,,Buenos Aires (AEP),Norwegian Air Argentina 737,Unknown,2021-03-16
6,6,17:45 AR1688,,Buenos Aires (EZE),Aerolineas Argentinas B738 (LV-FVO),Landed 17:26,2021-03-16
7,7,20:15 AR1513,,Cordoba (COR),Aerolineas Argentinas E190 (LV-CDY),Unknown,2021-03-16
8,8,21:20 AR1686,,Buenos Aires (EZE),Aerolineas Argentinas B738 (LV-FXQ),Landed 20:56,2021-03-16
0,0,07:25 AR1684,,Buenos Aires (EZE),Aerolineas Argentinas B738 (LV-FQZ),Landed 07:04,2021-03-17
1,1,08:35 FO5238,,Buenos Aires (EZE),Flybondi B738 (LV-HFR),Landed 08:14,2021-03-17
2,2,09:30 FO5238,,El Palomar (EPA),Flybondi 738,Unknown,2021-03-17
3,3,13:06 WJ3182,,Buenos Aires (AEP),JetSMART (Huemul Livery) A320 (LV-HEK),Landed 12:46,2021-03-17
4,4,17:45 AR1682,,Buenos Aires (AEP),Aerolineas Argentinas E190 (LV-CIH),Unknown,2021-03-17
5,5,18:45 AR1680,,Buenos Aires (EZE),Aerolineas Argentinas B738 (LV-GKS),Landed 18:24,2021-03-17
6,6,19:00 DN6006,,Buenos Aires (AEP),Norwegian Air Argentina 737,Unknown,2021-03-17
7,7,20:15 AR1702,,Rosario (ROS),Aerolineas Argentinas E190 (LV-CEU),Unknown,2021-03-17
8,8,21:20 AR1686,,Buenos Aires (EZE),Aerolineas Argentinas B738 (LV-CXS),Landed 20:50,2021-03-17
0,0,7:25 AM AR1684,,Buenos Aires (EZE),Aerolineas Argentinas B738 (LV-GGK),Landed 7:12 AM,2021-03-18
1,1,9:15 AM FO5238,,Buenos Aires (EZE),Flybondi B738 (LV-HKN),Landed 9:07 AM,2021-03-18
2,2,9:24 AM DN6000,,Buenos Aires (AEP),Norwegian Air Argentina 737,Unknown,2021-03-18
3,3,9:30 AM FO5238,,El Palomar (EPA),Flybondi 738,Unknown,2021-03-18
4,4,2:40 PM WJ3182,,Buenos Aires (AEP),JetSMART (Jaguar Livery) A320 (LV-HVT),Landed 2:30 PM,2021-03-18
5,5,5:45 PM AR1688,,Buenos Aires (EZE),Aerolineas Argentinas B738 (LV-CXS),Landed 5:50 PM,2021-03-18
6,6,6:45 PM AR1680,,Buenos Aires (EZE),Aerolineas Argentinas B738 (LV-FQZ),Landed 6:39 PM,2021-03-18
7,7,9:20 PM AR1686,,Buenos Aires (EZE),Aerolineas Argentinas B738 (LV-GGK),Landed 9:22 PM,2021-03-18
0,0,07:25 AR1684,,Buenos Aires (EZE),Aerolineas Argentinas B738 (LV-FQZ),Landed 07:14,2021-03-19
1,1,09:15 FO5270,,Buenos Aires (EZE),Flybondi B738 (LV-HFR),Landed 08:50,2021-03-19
2,2,11:35 AR1682,,Buenos Aires (EZE),Aerolineas Argentinas B738 (LV-FWS),Landed 11:33,2021-03-19
3,3,11:55 WJ1591,,Rosario (ROS),JetSMART (Huemul Livery) A320 (LV-HEK),Landed 17:13,2021-03-19
4,4,14:51 WJ3182,,Buenos Aires (AEP),JetSMART (Zorro Culpeo Livery) A320 (LV-IVN),Landed 15:40,2021-03-19
5,5,17:45 AR1688,,Buenos Aires (EZE),Aerolineas Argentinas B738 (LV-GGK),Landed 17:43,2021-03-19
6,6,18:45 AR1680,,Buenos Aires (EZE),Aerolineas Argentinas B738 (LV-CXS),Landed 18:37,2021-03-19
7,7,19:05 DN6006,,Buenos Aires (AEP),Norwegian Air Argentina 737,Unknown,2021-03-19
8,8,19:56 WJ3184,,Buenos Aires (AEP),JetSMART (Jaguar Livery) A320 (LV-HVT),Landed 21:45,2021-03-19
9,9,21:20 AR1686,,Buenos Aires (EZE),Aerolineas Argentinas B738 (LV-GKT),Landed 21:13,2021-03-19
0,0,07:25 AR1684,,Buenos Aires (EZE),Aerolineas Argentinas B738 (LV-FQZ),Landed 07:03,2021-03-20
1,1,11:20 AR1682,,Buenos Aires (AEP),Aerolineas Argentinas E190 (LV-CHR),Unknown,2021-03-20
2,2,12:20 AR1690,,Buenos Aires (EZE),Aerolineas Argentinas B738 (LV-FXQ),Landed 12:06,2021-03-20
3,3,13:36 WJ3184,,Buenos Aires (AEP),JetSMART (Jaguar Livery) A320 (LV-HVT),Landed 13:36,2021-03-20
4,4,13:45 FO5238,,Buenos Aires (EZE),Flybondi B738 (LV-HFR),Landed 13:18,2021-03-20
5,5,17:45 AR1688,,Buenos Aires (EZE),Aerolineas Argentinas B738 (LV-FWS),Landed 17:19,2021-03-20
6,6,18:39 DN6000,,Buenos Aires (AEP),Norwegian Air Argentina 737,Unknown,2021-03-20
7,7,18:45 AR1680,,Buenos Aires (EZE),Aerolineas Argentinas B738 (LV-FVO),Landed 18:21,2021-03-20
8,8,20:35 AR1702,,Rosario (ROS),Aerolineas Argentinas E190 (LV-CMA),Unknown,2021-03-20
9,9,21:45 AR1686,,Buenos Aires (EZE),Aerolineas Argentinas B738 (LV-FUB),Landed 21:28,2021-03-20
0,0,07:25 AR1684,,Buenos Aires (EZE),Aerolineas Argentinas B738 (LV-FUB),Landed 07:06,2021-03-21
1,1,08:30 FO5238,,Buenos Aires (EZE),Flybondi B738 (LV-HKN),Landed 08:00,2021-03-21
2,2,08:41 WJ3182,,Buenos Aires (AEP),JetSMART (Huemul Livery) A320 (LV-HEK),Landed 08:21,2021-03-21
3,3,10:25 AR1690,,Buenos Aires (EZE),Aerolineas Argentinas B738 (LV-FQZ),Landed 10:02,2021-03-21
4,4,11:25 AR1682,,Buenos Aires (EZE),Aerolineas Argentinas B738 (LV-FVM),Landed 11:06,2021-03-21
5,5,11:47 WJ3740,,Mendoza (MDZ),JetSMART (Jaguar Livery) A320 (LV-HVT),Landed 12:15,2021-03-21
6,6,17:16 WJ3720,,Cordoba (COR),JetSMART (Zorro Culpeo Livery) A320 (LV-IVN),Landed 17:23,2021-03-21
7,7,17:45 AR1688,,Buenos Aires (EZE),Aerolineas Argentinas B738 (LV-CXT),Landed 17:26,2021-03-21
8,8,18:39 DN6002,,Buenos Aires (AEP),Norwegian Air Argentina 737,Unknown,2021-03-21
9,9,18:45 AR1680,,Buenos Aires (EZE),Aerolineas Argentinas B738 (LV-FQZ),Landed 18:19,2021-03-21
10,10,19:45 AR1513,,Cordoba (COR),Aerolineas Argentinas E190 (LV-CMA),Unknown,2021-03-21
11,11,19:58 WJ3184,,Buenos Aires (AEP),JetSMART (Jaguar Livery) A320 (LV-HVT),Landed 19:57,2021-03-21
12,12,22:55 AR1686,,Buenos Aires (EZE),Aerolineas Argentinas B738 (LV-FVO),Landed 22:33,2021-03-21
0,0,7:25 AM AR1684,,Buenos Aires (EZE),Aerolineas Argentinas B738 (LV-FUB),Landed 7:06 AM,2021-03-21
1,1,8:30 AM FO5238,,Buenos Aires (EZE),Flybondi B738 (LV-HKN),Landed 8:00 AM,2021-03-21
2,2,8:41 AM WJ3182,,Buenos Aires (AEP),JetSMART (Huemul Livery) A320 (LV-HEK),Landed 8:21 AM,2021-03-21
3,3,10:25 AM AR1690,,Buenos Aires (EZE),Aerolineas Argentinas B738 (LV-FQZ),Landed 10:02 AM,2021-03-21
4,4,11:25 AM AR1682,,Buenos Aires (EZE),Aerolineas Argentinas B738 (LV-FVM),Landed 11:06 AM,2021-03-21
5,5,11:47 AM WJ3740,,Mendoza (MDZ),JetSMART (Jaguar Livery) A320 (LV-HVT),Landed 12:15 PM,2021-03-21
6,6,5:16 PM WJ3720,,Cordoba (COR),JetSMART (Zorro Culpeo Livery) A320 (LV-IVN),Landed 5:23 PM,2021-03-21
7,7,5:45 PM AR1688,,Buenos Aires (EZE),Aerolineas Argentinas B738 (LV-CXT),Landed 5:26 PM,2021-03-21
8,8,6:39 PM DN6002,,Buenos Aires (AEP),Norwegian Air Argentina 737,Unknown,2021-03-21
9,9,6:45 PM AR1680,,Buenos Aires (EZE),Aerolineas Argentinas B738 (LV-FQZ),Landed 6:19 PM,2021-03-21
10,10,7:45 PM AR1513,,Cordoba (COR),Aerolineas Argentinas E190 (LV-CMA),Unknown,2021-03-21
11,11,7:58 PM WJ3184,,Buenos Aires (AEP),JetSMART (Jaguar Livery) A320 (LV-HVT),Landed 7:57 PM,2021-03-21
12,12,10:55 PM AR1686,,Buenos Aires (EZE),Aerolineas Argentinas B738 (LV-FVO),Landed 10:33 PM,2021-03-21
